Link,Title,Location,Condition,Summary
https://www.saramin.co.kr/zf_user/jobs/relay/view?isMypage=no&rec_idx=46145846,AI 연구원 (신입/경력/전문연구요원) 채용,서울영등포구,경력무관대졸↑정규직·전문연구요원,데이터분석가데이터엔지니어백엔드/서버개발웹개발
https://www.saramin.co.kr/zf_user/jobs/relay/view?isMypage=no&rec_idx=46281789,소프트웨어 개발자 모집,서울강남구,경력무관고졸↑정규직,웹개발유지보수프론트엔드CSS
https://www.saramin.co.kr/zf_user/jobs/relay/view?isMypage=no&rec_idx=46195138,[여의도/본사] 현대카드 데이터분석/SQL/추출/통계 담당 채용,서울영등포구,"경력무관초대졸↑계약직3,122 만원",데이터분석가SQL사무직문서작성
https://www.saramin.co.kr/zf_user/jobs/relay/view?isMypage=no&rec_idx=46192041,백엔드 개발자 모집,서울강남구,경력무관학력무관정규직·계약직,백엔드/서버개발웹개발프론트엔드풀스택
https://www.saramin.co.kr/zf_user/jobs/relay/view?isMypage=no&rec_idx=46332950,가치에 점을 이을 동료를 찾습니다.,광주동구,"경력 2~5년학력무관계약직3,000 (면접 후 협의)",백엔드/서버개발데이터시각화AWSDjango
https://www.saramin.co.kr/zf_user/jobs/relay/view?isMypage=no&rec_idx=45958483,(주)솔리드이엔지 사무직 - 클라우드 기술 신입사원 모집,대전유성구,신입학력무관정규직,기술지원유지보수정보보안IT컨설팅
https://www.saramin.co.kr/zf_user/jobs/relay/view?isMypage=no&rec_idx=46312911,[연구개발 전담부서]연구직 신입/경력 채용,서울서초구,신입·경력대졸↑정규직,자율주행C#C++Java
https://www.saramin.co.kr/zf_user/jobs/relay/view?isMypage=no&rec_idx=46182396,[노르마]각 부문별 개발자 채용(병역특례가능),서울성동구,신입·경력대졸↑정규직,백엔드/서버개발웹개발정보보안네트워크
https://www.saramin.co.kr/zf_user/jobs/relay/view?isMypage=no&rec_idx=46322868,"디지털 헬스케어 및 보건의학 통계, 데이터 분석 전문가",서울관악구,경력무관대졸↑정규직,데이터분석가데이터엔지니어알고리즘헬스케어
https://www.saramin.co.kr/zf_user/jobs/relay/view?isMypage=no&rec_idx=46258201,[대구] 전략기획본부 SW개발파트(웹 개발) 신입/경력 채용,대구중구,"경력무관학력무관정규직·인턴직3,200 만원",백엔드/서버개발웹개발유지보수퍼블리셔
https://www.saramin.co.kr/zf_user/jobs/relay/view?isMypage=no&rec_idx=46196502,응용 SW 개발자 (신입/주니어),서울강남구,신입·경력학력무관정규직,웹개발프론트엔드S/WC++
https://www.saramin.co.kr/zf_user/jobs/relay/view?isMypage=no&rec_idx=45478853,서버/백엔드 신입 및 경력,경기전체,신입·경력대졸↑정규직,백엔드/서버개발웹개발프론트엔드DBA
https://www.saramin.co.kr/zf_user/jobs/relay/view?isMypage=no&rec_idx=46178251,[넛지헬스케어] 백엔드개발 채용전환형 인턴,서울강남구,신입학력무관인턴직,백엔드/서버개발앱개발웹개발웹마스터
https://www.saramin.co.kr/zf_user/jobs/relay/view?isMypage=no&rec_idx=46181045,[클라우드네트웍스] 클라우드시스템 엔지니어 모집 (신입/경력),서울강남구,경력무관초대졸↑정규직,기술지원데이터엔지니어유지보수DBA
https://www.saramin.co.kr/zf_user/jobs/relay/view?isMypage=no&rec_idx=46246692,열매컴퍼니 신입 데이터엔지니어 채용공고,서울강남구,신입학력무관정규직,웹개발데이터엔지니어블록체인크롤링
https://www.saramin.co.kr/zf_user/jobs/relay/view?isMypage=no&rec_idx=46328257,Global Vision AI Solution - 한화비전 기구설계 채용,경기성남시 분당구,경력 2~8년대졸↑정규직,기구설계통신
https://www.saramin.co.kr/zf_user/jobs/relay/view?isMypage=no&rec_idx=46329657,[대전/연구단지] 네이버 계열사 서버 관리 지원(유지보수) 채용,대전유성구,경력무관초대졸↑계약직·파견직210 이상 (면접 후 협의),백엔드/서버개발웹개발유지보수정보보안
https://www.saramin.co.kr/zf_user/jobs/relay/view?isMypage=no&rec_idx=46271447,"AI 연구 인턴 모집 (헬스케어, 의료데이터 기반)",서울강남구,신입학력무관계약직·인턴직,데이터분석가딥러닝머신러닝AI(인공지능)
https://www.saramin.co.kr/zf_user/jobs/relay/view?isMypage=no&rec_idx=46193518,[다우키움그룹사/본사] 다우기술 IT운영 엔지니어 모집,경기용인시 수지구,"경력무관학력무관계약직·파견직3,200 만원",기술지원데이터엔지니어백엔드/서버개발보안컨설팅
https://www.saramin.co.kr/zf_user/jobs/relay/view?isMypage=no&rec_idx=46277868,지역별 SI/SM 프로젝트 안내,서울강남구,경력무관학력무관정규직·계약직,웹개발.NETAndroidiOS
https://www.saramin.co.kr/zf_user/jobs/relay/view?isMypage=no&rec_idx=46268920,[헥스콘 그로스팀] Problem Solver형 UX/UI 디자이너 영입,경남창원시,신입·경력학력무관정규직,퍼블리셔액션스크립트CSSHTML
https://www.saramin.co.kr/zf_user/jobs/relay/view?isMypage=no&rec_idx=46222825,[본사/월 285만/자체직] '코데이터' 업무자동화시스템(RPA) 관리,서울영등포구,경력무관초대졸↑계약직285 만원,기술지원데이터분석가데이터엔지니어DBA
https://www.saramin.co.kr/zf_user/jobs/relay/view?isMypage=no&rec_idx=46282765,마케팅 데이터 분석가 채용,서울강남구,경력대졸↑정규직,데이터분석가데이터시각화딥러닝머신러닝
https://www.saramin.co.kr/zf_user/jobs/relay/view?isMypage=no&rec_idx=46271477,[주4.5일] 데이터 연구/분석자 채용,서울구로구,경력3년↑학력무관정규직,데이터분석가데이터엔지니어백엔드/서버개발데이터라벨링
https://www.saramin.co.kr/zf_user/jobs/relay/view?isMypage=no&rec_idx=46106440,데이터 엔지니어(BI 개발자) 채용(신입/경력),서울강남구,"신입·경력학력무관정규직3,700 만원",데이터분석가데이터엔지니어데이터시각화머신러닝
https://www.saramin.co.kr/zf_user/jobs/relay/view?isMypage=no&rec_idx=46293292,인공지능/머신러닝 엔지니어 정규직 채용,서울강남구,신입·경력고졸↑정규직,딥러닝머신러닝솔루션알고리즘
https://www.saramin.co.kr/zf_user/jobs/relay/view?isMypage=no&rec_idx=46286704,백엔드&프론트엔드 개발자 모집(신입&경력),경기수원시 영통구,경력무관학력무관정규직,백엔드/서버개발유지보수프론트엔드Angular
https://www.saramin.co.kr/zf_user/jobs/relay/view?isMypage=no&rec_idx=46306740,백엔드 개발자(주니어),서울강남구,신입·경력초대졸↑정규직·인턴직,APIDBMSJavascriptNode.js
https://www.saramin.co.kr/zf_user/jobs/relay/view?isMypage=no&rec_idx=46312969,[주4.5일근무] 인공지능연구소 딥러닝 연구개발자 채용,서울구로구,경력무관학력무관정규직,백엔드/서버개발웹개발데이터마이닝데이터시각화
https://www.saramin.co.kr/zf_user/jobs/relay/view?isMypage=no&rec_idx=46258626,마케팅 데이터 분석가 채용,서울강남구,경력대졸↑정규직,데이터분석가데이터시각화딥러닝머신러닝
https://www.saramin.co.kr/zf_user/jobs/relay/view?isMypage=no&rec_idx=46318711,(주)모멘티 에이전시 백엔드 개발자 추가 채용 [강남구],서울강남구,신입·경력초대졸↑정규직·계약직,백엔드/서버개발웹개발AjaxDjango
https://www.saramin.co.kr/zf_user/jobs/relay/view?isMypage=no&rec_idx=46279408,데이터 사이언티스트 (에너지 IT),서울서초구,신입·경력대졸↑정규직,백엔드/서버개발웹개발SE(시스템엔지니어)데이터마이닝
https://www.saramin.co.kr/zf_user/jobs/relay/view?isMypage=no&rec_idx=43226714,K8S Product Support Engineer,서울전체,신입·경력대졸↑정규직,웹개발프론트엔드SE(시스템엔지니어)인프라
https://www.saramin.co.kr/zf_user/jobs/relay/view?isMypage=no&rec_idx=46270734,[외국계제조업] MES/생산관리시스템,충북음성군,"경력 1~10년대졸↑정규직9,000 만원",기술지원백엔드/서버개발앱개발웹개발
https://www.saramin.co.kr/zf_user/jobs/relay/view?isMypage=no&rec_idx=46262888,백엔드 개발자 채용,서울서초구,신입·경력대졸↑정규직,백엔드/서버개발웹개발프론트엔드DBA
https://www.saramin.co.kr/zf_user/jobs/relay/view?isMypage=no&rec_idx=46087169,(주4일 스타트업) 회로설계 및 펌웨어 개발,서울마포구,경력 3~15년학력무관정규직,임베디드펌웨어H/WIoT
https://www.saramin.co.kr/zf_user/jobs/relay/view?isMypage=no&rec_idx=46232069,국립암센터 인공지능 데이터셋 구축 과제연구원 채용,경기고양시 일산동구,경력무관초대졸↑계약직,데이터라벨링딥러닝머신러닝빅데이터
https://www.saramin.co.kr/zf_user/jobs/relay/view?isMypage=no&rec_idx=46249726,웹개발 정규직 채용(신입/경력),서울금천구,"경력무관대졸↑정규직3,200 만원",백엔드/서버개발웹개발프론트엔드Java
https://www.saramin.co.kr/zf_user/jobs/relay/view?isMypage=no&rec_idx=46283713,머신러닝 엔지니어 채용,서울서대문구,신입·경력석사↑정규직,기술지원데이터분석가데이터엔지니어백엔드/서버개발
https://www.saramin.co.kr/zf_user/jobs/relay/view?isMypage=no&rec_idx=46243862,"경영지원 대규모 채용 (HR, Finance, Legal, CES, CLS 등)",서울송파구,경력대졸↑정규직·계약직,데이터분석가데이터엔지니어데이터라벨링데이터마이닝
https://www.saramin.co.kr/zf_user/jobs/relay/view?isMypage=no&rec_idx=46316039,(주)비즈데이터 개발 직군(Python 개발) 경력자 채용,서울서초구,경력 5~10년학력무관정규직,AI(인공지능)C++DockerLinux
https://www.saramin.co.kr/zf_user/jobs/relay/view?isMypage=no&rec_idx=46257275,REACT · PHP · PYTHON 개발자 채용,서울영등포구,경력3년↑초대졸↑정규직,백엔드/서버개발앱개발웹개발퍼블리셔
https://www.saramin.co.kr/zf_user/jobs/relay/view?isMypage=no&rec_idx=46334523,빅데이터/DataAnalysis/Python/JAVA/SAS 인재 채용,서울강남구,신입·경력대졸↑정규직,데이터분석가빅데이터클라우드Java
https://www.saramin.co.kr/zf_user/jobs/relay/view?isMypage=no&rec_idx=46212553,어플 앱개발자(아이폰/안드로이드) / 웹개발자(PHP/Python) 채용,서울구로구,경력 1~20년학력무관정규직·계약직,게임개발백엔드/서버개발앱개발웹개발
https://www.saramin.co.kr/zf_user/jobs/relay/view?isMypage=no&rec_idx=45971432,2023년 상반기 딥러닝/머신러닝/연구원/Python外 모집 공고,서울영등포구,경력무관대졸↑기간제·계약직,딥러닝머신러닝빅데이터AI(인공지능)
https://www.saramin.co.kr/zf_user/jobs/relay/view?isMypage=no&rec_idx=45565606,백엔드 엔지니어 (Python),서울마포구,신입·경력대졸↑정규직,백엔드/서버개발웹개발프론트엔드SE(시스템엔지니어)
https://www.saramin.co.kr/zf_user/jobs/relay/view?isMypage=no&rec_idx=46331770,(주)데이터엔지니어스랩 인재채용 - Python 데이터분석,서울서초구,경력무관학력무관정규직,데이터분석가웹개발머신러닝NLP(자연어처리)
https://www.saramin.co.kr/zf_user/jobs/relay/view?isMypage=no&rec_idx=45963028,"웹프로그래머(JAVA/Spring, Vue, Angular, php, python)등",서울강서구,신입·경력학력무관정규직·계약직,웹개발JavaJavascriptjQuery
https://www.saramin.co.kr/zf_user/jobs/relay/view?isMypage=no&rec_idx=45899602,"Python&딥러닝&머신러닝 외 정규직 채용합니다(신입, 경력)",경기안양시 동안구,경력무관학력무관정규직,딥러닝머신러닝빅데이터AI(인공지능)
https://www.saramin.co.kr/zf_user/jobs/relay/view?isMypage=no&rec_idx=46235548,[토스] Python Developer Assistant,서울강남구,경력무관학력무관계약직330 만원,웹개발DjangoAPI인터넷금융
https://www.saramin.co.kr/zf_user/jobs/relay/view?isMypage=no&rec_idx=46091640,특허/상표 데이터 등 분석(Python) 및 사업 기획 모집,서울강남구,신입·경력대졸↑정규직,데이터분석가머신러닝빅데이터크롤링
https://www.saramin.co.kr/zf_user/jobs/relay/view?isMypage=no&rec_idx=46301521,ORACLE/PYTHON/JAVA/SQL 개발자 모집,서울금천구,경력무관초대졸↑정규직,웹개발데이터시각화솔루션Java
https://www.saramin.co.kr/zf_user/jobs/relay/view?isMypage=no&rec_idx=46312101,웹/앱 백엔드개발자(python)채용,인천부평구,경력무관학력무관정규직,백엔드/서버개발앱개발웹개발크롤링
https://www.saramin.co.kr/zf_user/jobs/relay/view?isMypage=no&rec_idx=46300221,[강서구/연6500만] 백엔드 개발자 (PHP/Python),서울강서구,"경력5년↑학력무관정규직6,500 만원",백엔드/서버개발앱개발웹개발유지보수
https://www.saramin.co.kr/zf_user/jobs/relay/view?isMypage=no&rec_idx=46124906,"Python/Django 개발자, 디자이너, 퍼블리셔, 기획자 신입/경력",서울강남구,경력무관학력무관정규직·계약직,백엔드/서버개발앱개발웹개발퍼블리셔
https://www.saramin.co.kr/zf_user/jobs/relay/view?isMypage=no&rec_idx=46323254,C# / Python / JAVA 소프트웨어 개발자 채용 (신입/경력),경기용인시 기흥구,경력무관초대졸↑정규직,RDBMSASP.NETC#CentOS
https://www.saramin.co.kr/zf_user/jobs/relay/view?isMypage=no&rec_idx=46214500,"프로그램 개발자 모집 ( C/C++, java, python, Linux shell)",경기성남시 분당구,경력무관초대졸↑정규직·계약직,백엔드/서버개발프론트엔드네트워크데이터마이닝
https://www.saramin.co.kr/zf_user/jobs/relay/view?isMypage=no&rec_idx=46225746,Python 개발자(3년이상) 모집,서울마포구,경력3년↑학력무관정규직,백엔드/서버개발유지보수SE(시스템엔지니어)API
https://www.saramin.co.kr/zf_user/jobs/relay/view?isMypage=no&rec_idx=41068534,"[패스오더] 백엔드 개발자(Spring, Python, MSA)",서울강남구,경력 3~10년학력무관정규직,백엔드/서버개발웹개발SE(시스템엔지니어)인프라
https://www.saramin.co.kr/zf_user/jobs/relay/view?isMypage=no&rec_idx=46218793,[인텔리전스랩스] 글로벌 빌링 서비스 백엔드 개발자(Go/Python),경기성남시 분당구,경력3년↑학력무관정규직,API.NETAWSNode.js
https://www.saramin.co.kr/zf_user/jobs/relay/view?isMypage=no&rec_idx=46007552,"[채용] C# S/W 개발자, Python 응용 S/W 및 AI 로봇 개발",서울금천구,경력무관초대졸↑정규직,AI(인공지능)C#JavaSQL
https://www.saramin.co.kr/zf_user/jobs/relay/view?isMypage=no&rec_idx=46245045,"[에이블맥스(주)] ICT기술팀 연구개발자(Python, C++ 등) 채용",서울강남구,경력6년↑대졸↑정규직,기술지원데이터분석가데이터엔지니어SE(시스템엔지니어)
https://www.saramin.co.kr/zf_user/jobs/relay/view?isMypage=no&rec_idx=46080939,[전략개발팀] Python(파이썬) 개발자,서울강남구,신입·경력학력무관정규직,백엔드/서버개발웹개발퍼블리셔프론트엔드
https://www.saramin.co.kr/zf_user/jobs/relay/view?isMypage=no&rec_idx=46286917,[안진회계법인] 공공기관 스크래핑 담당자 (Java/Python),서울영등포구,경력 2~4년고졸↑정규직,백엔드/서버개발웹개발Java회계법인
https://www.saramin.co.kr/zf_user/jobs/relay/view?isMypage=no&rec_idx=45981773,이커머스 솔루션 Python Backend 개발자,서울강남구,경력 3~7년학력무관정규직,백엔드/서버개발웹개발프론트엔드SE(시스템엔지니어)
https://www.saramin.co.kr/zf_user/jobs/relay/view?isMypage=no&rec_idx=46254060,Admin 개발 (Web/Python/Django),서울마포구,경력 3~10년학력무관정규직,백엔드/서버개발웹개발퍼블리셔프론트엔드
https://www.saramin.co.kr/zf_user/jobs/relay/view?isMypage=no&rec_idx=46313855,SW 엔지니어 채용(Python 개발자/대전 근무),대전유성구,경력무관학력무관정규직,데이터분석가데이터엔지니어백엔드/서버개발웹개발
https://www.saramin.co.kr/zf_user/jobs/relay/view?isMypage=no&rec_idx=46223881,"[신입/경력] 온라인 광고 플랫폼 개발 (Python, Django)",서울중구,"신입·경력초대졸↑정규직3,200 만원",백엔드/서버개발웹개발S/WDjango
https://www.saramin.co.kr/zf_user/jobs/relay/view?isMypage=no&rec_idx=46007294,차량용 Software Test 자동화 개발(Python) 및 검증,인천서구,신입·경력초대졸↑정규직,솔루션S/W솔루션업체소프트웨어개발
https://www.saramin.co.kr/zf_user/jobs/relay/view?isMypage=no&rec_idx=43750042,"(주)바이오커넥트 - [신입 및 경력] 영상처리 알고리즘 개발(Python,딥러닝)",서울전체,신입·경력대졸↑정규직,데이터분석가딥러닝머신러닝블록체인
https://www.saramin.co.kr/zf_user/jobs/relay/view?isMypage=no&rec_idx=42358916,"[패스오더] 백엔드 개발자 (Spring, Python, MSA) (병역특례/산업기능요원/보충역/전직)",서울강남구,신입·경력학력무관정규직,백엔드/서버개발웹개발DBASE(시스템엔지니어)
https://www.saramin.co.kr/zf_user/jobs/relay/view?isMypage=no&rec_idx=46040484,"Back-end Engineer(AWS, Python, API) 경력 채용",서울금천구,경력7년↑대졸↑정규직,백엔드/서버개발미들웨어클라우드API
https://www.saramin.co.kr/zf_user/jobs/relay/view?isMypage=no&rec_idx=46023118,Python Backend 개발자 채용,경기성남시 수정구,신입·경력학력무관정규직,솔루션DjangoLinux솔루션업체
https://www.saramin.co.kr/zf_user/jobs/relay/view?isMypage=no&rec_idx=46281522,글로벌 SNS 서비스의 주역이 되실 백엔드(Python) 개발자 채용,서울동대문구,경력3년↑학력무관정규직,데이터분석가데이터엔지니어백엔드/서버개발웹개발
https://www.saramin.co.kr/zf_user/jobs/relay/view?isMypage=no&rec_idx=45865684,[운영개선팀] Python(파이썬) 개발자,서울강남구,경력 5~10년학력무관정규직,백엔드/서버개발웹개발퍼블리셔프론트엔드
https://www.saramin.co.kr/zf_user/jobs/relay/view?isMypage=no&rec_idx=46325296,백엔드/서버개발/Python/웹마스터 개발자 모집,부산해운대구,경력3년↑대졸↑계약직,백엔드/서버개발웹마스터프론트엔드전자상거래
https://www.saramin.co.kr/zf_user/jobs/relay/view?isMypage=no&rec_idx=46283625,Python / 백엔드 개발자 경력 채용,서울마포구,경력 2~8년대졸↑정규직,백엔드/서버개발앱개발웹개발S/W
https://www.saramin.co.kr/zf_user/jobs/relay/view?isMypage=no&rec_idx=46222631,"백엔드 엔지니어 (Python, Django)",서울중구,경력1년↑고졸↑정규직,백엔드/서버개발RDBMSAWSAzure
https://www.saramin.co.kr/zf_user/jobs/relay/view?isMypage=no&rec_idx=46266875,"[원격/상주] 부동산 프로젝트 데이터분석가 - Python, SQL",서울전체,경력 1~3년학력무관정규직,백엔드/서버개발웹개발SE(시스템엔지니어)데이터마이닝
https://www.saramin.co.kr/zf_user/jobs/relay/view?isMypage=no&rec_idx=46225757,[주4.5일] Python 개발직무 경력 채용,서울구로구,경력학력무관정규직,백엔드/서버개발데이터마이닝딥러닝머신러닝
https://www.saramin.co.kr/zf_user/jobs/relay/view?isMypage=no&rec_idx=46167833,[핀테크/python] 백엔드 엔지니어 (6년 이상),서울중구,신입·경력학력무관정규직,백엔드/서버개발앱개발웹개발솔루션
https://www.saramin.co.kr/zf_user/jobs/relay/view?isMypage=no&rec_idx=45973833,헬리오센(주) Python 응용S/W 개발자 경력 채용,경기성남시 분당구,경력2년↑초대졸↑정규직,백엔드/서버개발프론트엔드C#C++
https://www.saramin.co.kr/zf_user/jobs/relay/view?isMypage=no&rec_idx=46141986,Python 경력 채용,서울광진구,경력1년↑대졸↑정규직,백엔드/서버개발웹개발솔루션알고리즘
https://www.saramin.co.kr/zf_user/jobs/relay/view?isMypage=no&rec_idx=46066151,IT개발·데이터(Python/Linux) 채용,서울영등포구,신입·경력초대졸↑정규직,Linux소프트웨어개발
https://www.saramin.co.kr/zf_user/jobs/relay/view?isMypage=no&rec_idx=46206329,[STO 투자 플랫폼] 백엔드 python 개발자 채용,서울구로구,경력3년↑대졸↑정규직,백엔드/서버개발앱개발웹개발웹표준·웹접근성
https://www.saramin.co.kr/zf_user/jobs/relay/view?isMypage=no&rec_idx=45822957,Python(파이썬) Backend(3년 이상),서울서초구,경력 3~12년학력무관정규직,백엔드/서버개발웹개발프론트엔드SE(시스템엔지니어)
https://www.saramin.co.kr/zf_user/jobs/relay/view?isMypage=no&rec_idx=46212786,응용 소프트웨어 개발자(PYTHON) 경력직 채용,경기하남시,"경력 2~3년대졸↑정규직4,500 만원",웹개발파워빌더C++C언어
https://www.saramin.co.kr/zf_user/jobs/relay/view?isMypage=no&rec_idx=46215804,[(주)ATG 백엔드 개발자(JAVA / Python 가능자) 경력 채용],경기성남시 분당구,"경력4년↑대졸↑정규직5,000 만원",백엔드/서버개발SE(시스템엔지니어)정보통신RDBMS
https://www.saramin.co.kr/zf_user/jobs/relay/view?isMypage=no&rec_idx=45150066,Python 개발자 채용,경기전체,신입·경력고졸↑정규직,SE(시스템엔지니어)인프라DevOpsLinux
https://www.saramin.co.kr/zf_user/jobs/relay/view?isMypage=no&rec_idx=46221437,[경력] Solution/SW개발자 채용 - JAVA/Spring/Python,서울강남구,경력학력무관정규직,웹개발S/W솔루션Java
https://www.saramin.co.kr/zf_user/jobs/relay/view?isMypage=no&rec_idx=46318730,"보안 솔루션 개발/Go, Python",서울구로구,경력 3~10년초대졸↑정규직,RDBMSGoLangPytorch빅데이터
https://www.saramin.co.kr/zf_user/jobs/relay/view?isMypage=no&rec_idx=46267505,"[어터] 백엔드 개발자(Python, Django) 채용",경기성남시 분당구,경력3년↑학력무관정규직,백엔드/서버개발APIAWSCSS
https://www.saramin.co.kr/zf_user/jobs/relay/view?isMypage=no&rec_idx=46207283,"[경력무관] 소프트웨어 개발자(C/C++, Python) 모집",대전유성구,경력무관초대졸↑정규직,백엔드/서버개발프론트엔드데이터시각화머신러닝
https://www.saramin.co.kr/zf_user/jobs/relay/view?isMypage=no&rec_idx=46241947,[Python] 백엔드 개발자(3년 이상),서울서초구,경력3년↑대졸↑정규직,데이터분석가백엔드/서버개발앱개발웹개발
https://www.saramin.co.kr/zf_user/jobs/relay/view?isMypage=no&rec_idx=45950020,"머신비전 개발자 , C/C++/C#, OpenCV, MIL, PYTHON",경기용인시 기흥구,경력무관초대졸↑정규직·계약직,머신러닝빅데이터S/WAI(인공지능)
https://www.saramin.co.kr/zf_user/jobs/relay/view?isMypage=no&rec_idx=46266536,"백엔드 개발자(Python, Django)",경기전체,경력 1~7년대졸↑정규직,백엔드/서버개발웹개발퍼블리셔프론트엔드
https://www.saramin.co.kr/zf_user/jobs/relay/view?isMypage=no&rec_idx=46025032,Python 백엔드 개발자,서울마포구,경력 3~7년학력무관정규직,백엔드/서버개발웹개발프론트엔드DBA
https://www.saramin.co.kr/zf_user/jobs/relay/view?isMypage=no&rec_idx=41414828,백엔드 엔지니어 (Python),서울서초구,경력 5~10년초대졸↑정규직,백엔드/서버개발웹개발DBADjango
https://www.saramin.co.kr/zf_user/jobs/relay/view?isMypage=no&rec_idx=46266794,"PL - MySQL, PostgreSQL, Python",서울전체,경력 3~5년학력무관정규직,백엔드/서버개발웹개발프론트엔드DBA
https://www.saramin.co.kr/zf_user/jobs/relay/view?isMypage=no&rec_idx=46283103,"Sr. Back-end Engineer (백엔드 개발자, Python) - 글로벌 IT",서울강남구,경력5년↑대졸↑정규직,백엔드/서버개발웹개발모델링클라우드
https://www.saramin.co.kr/zf_user/jobs/relay/view?isMypage=no&rec_idx=46005338,[파이썬/Python 경력] 머니쿤 체험단 서비스 개발자 채용,서울동대문구,경력5년↑학력무관정규직,데이터분석가데이터엔지니어백엔드/서버개발웹개발
https://www.saramin.co.kr/zf_user/jobs/relay/view?isMypage=no&rec_idx=46142180,"RPA, Python, Javascript 외 정규직 모집 공고(신입)",경기성남시 중원구,신입고졸↑정규직,RPAJavascriptJSP소프트웨어개발
https://www.saramin.co.kr/zf_user/jobs/relay/view?isMypage=no&rec_idx=45208631,[에이젠글로벌] Python Backend Engineer,서울전체,경력 3~5년대졸↑정규직,백엔드/서버개발웹개발프론트엔드DBA
https://www.saramin.co.kr/zf_user/jobs/relay/view?isMypage=no&rec_idx=46338032,"플랫폼개발(Python, Java) 경력직(3년이상) 채용",서울강남구,경력3년↑대졸↑정규직,백엔드/서버개발웹개발RDBMSAWS
https://www.saramin.co.kr/zf_user/jobs/relay/view?isMypage=no&rec_idx=46290004,"Backend Engineer (Django, Python)",서울중구,경력5년↑대졸↑정규직,백엔드/서버개발APIRDBMSAWS
https://www.saramin.co.kr/zf_user/jobs/relay/view?isMypage=no&rec_idx=46311607,[AI번역 서비스] 백엔드 개발자-Python,서울서초구,경력2년↑학력무관정규직,백엔드/서버개발DockerKubernetes클라우드
https://www.saramin.co.kr/zf_user/jobs/relay/view?isMypage=no&rec_idx=46134281,[경력/신입] 개발실 소프트웨어 개발자 모집(python 개발자 우대,경기구리시,경력무관대졸↑정규직,백엔드/서버개발프론트엔드Tensorflow솔루션업체
https://www.saramin.co.kr/zf_user/jobs/relay/view?isMypage=no&rec_idx=44846739,"해석엔진개발 (C++, Python, MATLAB, CUDA)",서울전체,경력 3~10년대졸↑정규직,S/WC++C언어Matlab
https://www.saramin.co.kr/zf_user/jobs/relay/view?isMypage=no&rec_idx=46031768,Python 개발자 채용,경기용인시 기흥구,경력무관대졸↑정규직,DevOps네트워크MLOps소프트웨어개발
https://www.saramin.co.kr/zf_user/jobs/relay/view?isMypage=no&rec_idx=46106890,크립토택스팀과 함께할 Python 개발자를 찾고 있어요,서울강남구,경력 3~6년학력무관정규직,블록체인알고리즘APIAWS
https://www.saramin.co.kr/zf_user/jobs/relay/view?isMypage=no&rec_idx=46217583,ROS2/Vision/MFC/C# Python Tensorflow CUDA yolo v5 개발직,충남천안시 동남구,"경력무관초대졸↑정규직3,100 만원",S/WC#VisualC·C++C++
https://www.saramin.co.kr/zf_user/jobs/relay/view?isMypage=no&rec_idx=46276347,"데이터분석/Python, R, Tableau 활용 능력/세계적인 게임사/판교",경기성남시 분당구,경력3년↑대졸↑정규직,게임개발데이터시각화머신러닝빅데이터
https://www.saramin.co.kr/zf_user/jobs/relay/view?isMypage=no&rec_idx=46003696,Mind AI - Python Backend Engineer,서울중구,"경력4년↑대졸↑정규직5,000 만원",백엔드/서버개발AI(인공지능)AWSDjango
https://www.saramin.co.kr/zf_user/jobs/relay/view?isMypage=no&rec_idx=45226757,Python Backend Developer (Middle),서울강남구,경력 3~8년학력무관정규직,백엔드/서버개발웹개발DBA인프라
https://www.saramin.co.kr/zf_user/jobs/relay/view?isMypage=no&rec_idx=46268614,[Python] 플랫폼 리드 개발자(Back/Front) 모집 (3년차 이상),서울서초구,경력3년↑학력무관정규직,RDBMSAjaxGitjQuery
https://www.saramin.co.kr/zf_user/jobs/relay/view?isMypage=no&rec_idx=46243431,Python 개발자 모집,서울영등포구,경력2년↑초대졸↑정규직·계약직,웹개발솔루션ERPCRM
https://www.saramin.co.kr/zf_user/jobs/relay/view?isMypage=no&rec_idx=44768051,[경력] 서버 엔지니어 (Python),서울강남구,경력 3~15년학력무관정규직,백엔드/서버개발웹개발프론트엔드Django
https://www.saramin.co.kr/zf_user/jobs/relay/view?isMypage=no&rec_idx=45425126,Python Backend Developer (Senior),서울강남구,경력 7~15년학력무관정규직,백엔드/서버개발웹개발DBA인프라
https://www.saramin.co.kr/zf_user/jobs/relay/view?isMypage=no&rec_idx=46269147,"데이터분석/SQL, Python /세계적인 게임사/판교",경기성남시 분당구,경력5년↑대졸↑정규직,게임개발데이터시각화머신러닝빅데이터
https://www.saramin.co.kr/zf_user/jobs/relay/view?isMypage=no&rec_idx=45931103,"웹개발자(Python, DJango)",서울성동구,경력 3~5년학력무관정규직,백엔드/서버개발웹개발블록체인Django
https://www.saramin.co.kr/zf_user/jobs/relay/view?isMypage=no&rec_idx=46309639,[신입/경력] ML Researcher(이상상황감지),경기전체,신입·경력석사↑정규직,데이터분석가백엔드/서버개발웹개발SE(시스템엔지니어)
https://www.saramin.co.kr/zf_user/jobs/relay/view?isMypage=no&rec_idx=46294740,웹 프로그래밍 개발 - 신입/경력 - 세일링스톤,서울강서구,"경력무관초대졸↑정규직3,500 만원",데이터분석가빅데이터JavaJavascript
https://www.saramin.co.kr/zf_user/jobs/relay/view?isMypage=no&rec_idx=46258360,[NDSOFT] 23년도 하반기 서비스 개발 부문(부산본사),부산해운대구,경력무관학력무관정규직,백엔드/서버개발웹개발APIDBMS
https://www.saramin.co.kr/zf_user/jobs/relay/view?isMypage=no&rec_idx=46309286,프론트엔드 개발자 정규직 채용(신입/경력),서울금천구,신입·경력초대졸↑정규직,백엔드/서버개발프론트엔드ReactJSAWS
https://www.saramin.co.kr/zf_user/jobs/relay/view?isMypage=no&rec_idx=46260497,[신입/경력] Full-Stack Developer,경기전체,신입·경력학력무관정규직,백엔드/서버개발웹개발퍼블리셔프론트엔드
https://www.saramin.co.kr/zf_user/jobs/relay/view?isMypage=no&rec_idx=45937539,"[WebDeveloper] 웹 개발자 (정규직, 신입, 경력)",대전유성구,경력무관대졸↑정규직,백엔드/서버개발웹개발유지보수SI개발
https://www.saramin.co.kr/zf_user/jobs/relay/view?isMypage=no&rec_idx=46303197,[국비무료] Java 풀스택 시스템 개발 / 무역물류 취업연수생 모집,부산전체,경력무관학력무관교육생,데이터분석가데이터엔지니어백엔드/서버개발웹개발
https://www.saramin.co.kr/zf_user/jobs/relay/view?isMypage=no&rec_idx=45879053,클라우드엔지니어/서비스 보안/IT인프라/클라우드 운영관리,서울금천구,신입·경력초대졸↑정규직,백엔드/서버개발SE(시스템엔지니어)머신러닝빅데이터
https://www.saramin.co.kr/zf_user/jobs/relay/view?isMypage=no&rec_idx=46253980,(주)더캐리 정보혁신부 IT부문별 공개채용,서울용산구,경력무관학력무관정규직,백엔드/서버개발앱개발웹개발프론트엔드
https://www.saramin.co.kr/zf_user/jobs/relay/view?isMypage=no&rec_idx=46314791,[NDSOFT] 23년도 하반기 번역 개발 부문(서울지사),서울강남구,경력무관학력무관정규직,데이터분석가데이터엔지니어백엔드/서버개발DBA
https://www.saramin.co.kr/zf_user/jobs/relay/view?isMypage=no&rec_idx=45961729,[패스오더] 급성장중인 스타트업 '데이터 엔지니어' 채용,부산부산진구,경력무관고졸↑정규직·계약직,데이터분석가데이터엔지니어백엔드/서버개발앱개발
https://www.saramin.co.kr/zf_user/jobs/relay/view?isMypage=no&rec_idx=40607070,웹풀스택 개발자,서울서초구,신입·경력학력무관정규직,백엔드/서버개발웹개발퍼블리셔프론트엔드
https://www.saramin.co.kr/zf_user/jobs/relay/view?isMypage=no&rec_idx=46085260,"[파두 FADU] 반도체 SSD, SoC 연구개발 엔지니어/전문연구요원",서울강남구,경력무관학력무관정규직,솔루션임베디드펌웨어H/W
https://www.saramin.co.kr/zf_user/jobs/relay/view?isMypage=no&rec_idx=46241936,데이터분석가 채용,경기성남시 분당구,경력1년↑대졸↑정규직,데이터분석가머신러닝빅데이터R
https://www.saramin.co.kr/zf_user/jobs/relay/view?isMypage=no&rec_idx=45961232,[패스오더] 급성장중인 스타트업 'Back-End 개발자' 채용,서울강남구,경력 3~10년학력무관정규직·계약직,기술지원백엔드/서버개발앱개발웹개발
https://www.saramin.co.kr/zf_user/jobs/relay/view?isMypage=no&rec_idx=46041798,(주)푸드테크 IT부문 데이터 엔지니어 채용,서울강남구,신입·경력초대졸↑정규직,데이터분석가데이터엔지니어빅데이터클라우드
https://www.saramin.co.kr/zf_user/jobs/relay/view?isMypage=no&rec_idx=46187228,[2차전지] 연구소 H/W & S/W 엔지니어 모집 (경력/신입),경기수원시 권선구,경력무관초대졸↑정규직,H/WS/W연구원설계엔지니어
https://www.saramin.co.kr/zf_user/jobs/relay/view?isMypage=no&rec_idx=46242947,웹 개발자 채용,서울전체,경력 3~10년초대졸↑정규직,백엔드/서버개발웹개발퍼블리셔프론트엔드
https://www.saramin.co.kr/zf_user/jobs/relay/view?isMypage=no&rec_idx=45961723,[패스오더] 급성장중인 스타트업 '그로스 마케터' 채용,부산부산진구,경력무관학력무관정규직·계약직,데이터분석가데이터엔지니어데이터라벨링데이터마이닝
https://www.saramin.co.kr/zf_user/jobs/relay/view?isMypage=no&rec_idx=46220241,시스템 개발자 채용,서울강남구,신입·경력대졸↑정규직,백엔드/서버개발웹개발퍼블리셔프론트엔드
https://www.saramin.co.kr/zf_user/jobs/relay/view?isMypage=no&rec_idx=46323423,MLOps Engineer,서울강남구,경력무관학력무관정규직,머신러닝인프라SQL
https://www.saramin.co.kr/zf_user/jobs/relay/view?isMypage=no&rec_idx=46292956,(주)메인라인과 함께하실 Java 개발자(주니어)를 모집합니다.,서울마포구,신입·경력대졸↑정규직,백엔드/서버개발솔루션EclipseJava
https://www.saramin.co.kr/zf_user/jobs/relay/view?isMypage=no&rec_idx=45922967,주니어 데브옵스 엔지니어(DevOps Engineer),서울서초구,신입·경력학력무관정규직,백엔드/서버개발웹개발프론트엔드SE(시스템엔지니어)
https://www.saramin.co.kr/zf_user/jobs/relay/view?isMypage=no&rec_idx=46324958,(주)여보야 ML Engineer (머신러닝 엔지니어) 채용,광주서구,경력무관학력무관정규직,딥러닝머신러닝AI(인공지능)알고리즘
https://www.saramin.co.kr/zf_user/jobs/relay/view?isMypage=no&rec_idx=46239661,[스타트업-빠른성장중] 인사/마케팅/서비스기획/분석가 외 다수,서울강남구,경력 2~10년학력무관정규직,데이터분석가데이터엔지니어백엔드/서버개발프론트엔드
https://www.saramin.co.kr/zf_user/jobs/relay/view?isMypage=no&rec_idx=46307913,로봇 응용시스템 개발자,대전전체,신입·경력대졸↑정규직,임베디드H/WS/WC++
https://www.saramin.co.kr/zf_user/jobs/relay/view?isMypage=no&rec_idx=46121875,AI 서비스 연구 개발 - 자연어처리/빅데이터 분석,서울중구,신입·경력학력무관정규직,데이터분석가백엔드/서버개발IT컨설팅딥러닝
https://www.saramin.co.kr/zf_user/jobs/relay/view?isMypage=no&rec_idx=46258382,[NDSOFT] 23년도 하반기 서비스 개발 부문(서울지사),서울강남구,경력무관학력무관정규직,백엔드/서버개발웹개발APIDBMS
https://www.saramin.co.kr/zf_user/jobs/relay/view?isMypage=no&rec_idx=46298824,[뷰티테크기업] 에이피알 각 부문별 IT/개발직군 모집,서울송파구,경력무관대졸↑정규직,데이터분석가데이터엔지니어웹개발퍼블리셔
https://www.saramin.co.kr/zf_user/jobs/relay/view?isMypage=no&rec_idx=46087745,"Qoo10 기술본부 경력 채용 (시스템 엔지니어, DBA, 보안)",서울강남구,신입·경력학력무관정규직,백엔드/서버개발웹개발정보보안퍼블리셔
https://www.saramin.co.kr/zf_user/jobs/relay/view?isMypage=no&rec_idx=46244650,[경력] 기구설계 및 소프트웨어 개발자 채용,경기화성시,경력초대졸↑정규직,자율주행펌웨어S/W어셈블리
https://www.saramin.co.kr/zf_user/jobs/relay/view?isMypage=no&rec_idx=46337622,"devops/시스템엔지니어 (서울, 대전 모두 가능)",대전전체,경력 1~15년학력무관정규직,기술지원백엔드/서버개발웹개발SE(시스템엔지니어)
https://www.saramin.co.kr/zf_user/jobs/relay/view?isMypage=no&rec_idx=46275669,데이터 분석가 신입/경력 채용,서울전체,신입·경력대졸↑정규직,데이터분석가데이터엔지니어SE(시스템엔지니어)데이터마이닝
https://www.saramin.co.kr/zf_user/jobs/relay/view?isMypage=no&rec_idx=46127241,[안랩-제이슨] 신입 및 경력 모집_빅데이터/컨설턴트/기획,서울마포구,신입·경력대졸↑정규직,데이터분석가백엔드/서버개발보안컨설팅웹개발
https://www.saramin.co.kr/zf_user/jobs/relay/view?isMypage=no&rec_idx=46300683,[진이어스] 개발팀(웹개발자) 경력직 모집,서울강남구,경력 5~8년초대졸↑정규직,기술지원데이터분석가데이터엔지니어백엔드/서버개발
https://www.saramin.co.kr/zf_user/jobs/relay/view?isMypage=no&rec_idx=46179883,[국비무료교육] 자바프로그래밍개발자 훈련생모집,서울전체,신입·경력학력무관교육생,데이터분석가데이터엔지니어백엔드/서버개발앱개발
https://www.saramin.co.kr/zf_user/jobs/relay/view?isMypage=no&rec_idx=46173070,통합정산시스템 백엔드 개발자-주니어,서울강남구,경력무관학력무관정규직,백엔드/서버개발클라우드APIAWS
https://www.saramin.co.kr/zf_user/jobs/relay/view?isMypage=no&rec_idx=46314745,[NDSOFT] 23년도 하반기 번역 개발 부문(부산본사),부산해운대구,경력무관학력무관정규직,데이터분석가데이터엔지니어백엔드/서버개발QA/테스터
https://www.saramin.co.kr/zf_user/jobs/relay/view?isMypage=no&rec_idx=46203146,2023 하반기 금융 사업팀 개발자 신입/경력 직원 채용,서울구로구,신입·경력초대졸↑정규직,웹개발SI개발JavaJavascript
https://www.saramin.co.kr/zf_user/jobs/relay/view?isMypage=no&rec_idx=46204382,"Cloud Platform (백엔드, 프론트엔드 등) 채용",서울강남구,경력무관학력무관정규직,데이터엔지니어백엔드/서버개발앱개발웹개발
https://www.saramin.co.kr/zf_user/jobs/relay/view?isMypage=no&rec_idx=46197349,[사세확장 충원] 이미지 데이터 단순 가공(라벨링),경기안양시 동안구,경력무관학력무관계약직250 (면접 후 협의),AI(인공지능)VisualC·C++R&D연구소
https://www.saramin.co.kr/zf_user/jobs/relay/view?isMypage=no&rec_idx=46333129,"비디오 커머스 개발자 모집 / 프론트엔드, 백엔드",서울성동구,신입·경력학력무관정규직,백엔드/서버개발앱개발웹개발퍼블리셔
https://www.saramin.co.kr/zf_user/jobs/relay/view?isMypage=no&rec_idx=46332949,AI 빅데이터 엔지니어 / 딥러닝 엔지니어 (빅데이터 실무자 모집),서울성동구,신입·경력대졸↑정규직,데이터분석가데이터엔지니어웹개발SE(시스템엔지니어)
https://www.saramin.co.kr/zf_user/jobs/relay/view?isMypage=no&rec_idx=46308418,빅데이터 분석가/JAVA 개발자 채용,서울금천구,경력대졸↑정규직·계약직,데이터분석가데이터엔지니어백엔드/서버개발웹개발
https://www.saramin.co.kr/zf_user/jobs/relay/view?isMypage=no&rec_idx=46310986,건설기계부품연구원 직원(정규직) 채용,전북군산시,경력무관대졸↑정규직,SE(시스템엔지니어)빅데이터알고리즘임베디드
https://www.saramin.co.kr/zf_user/jobs/relay/view?isMypage=no&rec_idx=46178239,㈜파이버프로 2023년도 부문별 채용공고,대전유성구,신입·경력대졸↑정규직,펌웨어FPGAH/WMCU
https://www.saramin.co.kr/zf_user/jobs/relay/view?isMypage=no&rec_idx=46316809,웹 개발자 (Web 개발) 구인,서울강남구,신입·경력초대졸↑정규직,백엔드/서버개발웹개발프론트엔드Java
https://www.saramin.co.kr/zf_user/jobs/relay/view?isMypage=no&rec_idx=46096839,주니어 데이터 분석가 / 데이터 사이언티스트,서울영등포구,경력무관대졸↑정규직·계약직,데이터분석가머신러닝빅데이터R
https://www.saramin.co.kr/zf_user/jobs/relay/view?isMypage=no&rec_idx=46334873,[클리/마이세컨플레이스] 웹 풀스택 개발자,서울종로구,신입·경력대졸↑정규직,백엔드/서버개발웹개발퍼블리셔프론트엔드
https://www.saramin.co.kr/zf_user/jobs/relay/view?isMypage=no&rec_idx=46330229,[이타스코리아] 각 부문별 정규직 채용(경력),경기성남시 분당구,경력대졸↑정규직,기술지원보안컨설팅정보보안FAE
https://www.saramin.co.kr/zf_user/jobs/relay/view?isMypage=no&rec_idx=46170615,2023 ㈜아이스크림아트 각 부문별 공개 채용,서울강남구,경력초대졸↑정규직·계약직,백엔드/서버개발웹개발유지보수프론트엔드
https://www.saramin.co.kr/zf_user/jobs/relay/view?isMypage=no&rec_idx=46237808,전 직무 채용 [물류자동화/개발/설계/사업기획/영업지원],경기성남시 분당구,신입·경력초대졸↑정규직,백엔드/서버개발앱개발웹개발딥러닝
https://www.saramin.co.kr/zf_user/jobs/relay/view?isMypage=no&rec_idx=46267638,2023 백엔드 개발자/데이터 사이언티스트(통계학 전공 포함),서울서대문구,경력무관대졸↑정규직,기술지원데이터분석가데이터엔지니어백엔드/서버개발
https://www.saramin.co.kr/zf_user/jobs/relay/view?isMypage=no&rec_idx=41757583,2023년 하반기 신입 및 경력 대규모 채용,서울금천구,신입·경력학력무관정규직,웹개발MySQLPHP사무직
https://www.saramin.co.kr/zf_user/jobs/relay/view?isMypage=no&rec_idx=46273811,(주)콘돌 2023 하반기 각 부문별 모집,서울강동구,경력무관학력무관정규직,데이터엔지니어백엔드/서버개발앱개발웹개발
https://www.saramin.co.kr/zf_user/jobs/relay/view?isMypage=no&rec_idx=46314715,(주)넷맨 연구소 신입/경력 모집,서울금천구,"경력무관학력무관정규직4,000 만원",백엔드/서버개발보안컨설팅웹개발프론트엔드
https://www.saramin.co.kr/zf_user/jobs/relay/view?isMypage=no&rec_idx=46275924,[SPC그룹] Secta9ine 각 부분 경력사원 채용,서울강남구,경력대졸↑정규직·계약직,백엔드/서버개발앱개발웹개발유지보수
https://www.saramin.co.kr/zf_user/jobs/relay/view?isMypage=no&rec_idx=46319388,백엔드 개발자 추가 채용 [강남구],서울강남구,신입·경력초대졸↑정규직,백엔드/서버개발웹개발프론트엔드DBA
https://www.saramin.co.kr/zf_user/jobs/relay/view?isMypage=no&rec_idx=46037126,[아이디어키] 2023년 각 부문 신입/경력 채용,서울강남구,신입·경력초대졸↑정규직,백엔드/서버개발웹개발검색엔진솔루션
https://www.saramin.co.kr/zf_user/jobs/relay/view?isMypage=no&rec_idx=46027136,[DBA/정보보안/QA/데이터분석],서울서초구,신입·경력학력무관정규직,기술지원데이터분석가데이터엔지니어백엔드/서버개발
https://www.saramin.co.kr/zf_user/jobs/relay/view?isMypage=no&rec_idx=45978396,[오산/세마역 10분]반도체장비회사 연구소 신입/경력 채용,경기오산시,신입·경력대졸↑정규직,빅데이터LabVIEW연구원기술연구
https://www.saramin.co.kr/zf_user/jobs/relay/view?isMypage=no&rec_idx=46328987,[정규직/코스닥상장/연봉상향조정] 정보보안팀 인프라 경력직,서울중구,경력5년↑초대졸↑정규직,데이터엔지니어정보보안퍼블리셔프론트엔드
https://www.saramin.co.kr/zf_user/jobs/relay/view?isMypage=no&rec_idx=46323586,(주)에이콘컴퍼니 정기 공채 채용,서울서초구,신입·경력학력무관정규직,백엔드/서버개발웹개발유지보수프론트엔드
https://www.saramin.co.kr/zf_user/jobs/relay/view?isMypage=no&rec_idx=46327958,SW Unit Quality Assurance(QA),서울성동구,경력 1~3년학력무관정규직,QA/테스터SE(시스템엔지니어)Linux스크립트
https://www.saramin.co.kr/zf_user/jobs/relay/view?isMypage=no&rec_idx=46267794,2023년 IT부문 및 일반부문 신입/경력직 채용공고,서울영등포구,신입·경력대졸↑정규직,백엔드/서버개발보안컨설팅앱개발웹개발
https://www.saramin.co.kr/zf_user/jobs/relay/view?isMypage=no&rec_idx=45602030,[리트빅] 부문별 신입/경력 인재 채용,경기성남시 분당구,신입·경력초대졸↑정규직,기술지원데이터분석가데이터엔지니어백엔드/서버개발
https://www.saramin.co.kr/zf_user/jobs/relay/view?isMypage=no&rec_idx=46267813,시스템 엔지니어 신입 및 경력 모집,서울강남구,신입·경력초대졸↑정규직,기술지원데이터분석가데이터엔지니어백엔드/서버개발
https://www.saramin.co.kr/zf_user/jobs/relay/view?isMypage=no&rec_idx=46325281,데이터 분석 컨설턴트 채용 공고(신입/경력),경기성남시 분당구,경력무관대졸↑정규직,데이터마이닝빅데이터텍스트마이닝R
https://www.saramin.co.kr/zf_user/jobs/relay/view?isMypage=no&rec_idx=46172233,SFA 2023년 특별채용 (우수 전문학사),충남아산시,경력무관초대졸↑정규직,C#C++C언어Pytorch
https://www.saramin.co.kr/zf_user/jobs/relay/view?isMypage=no&rec_idx=46274067,[강소기업] 23년 하반기 프로그램 개발자 신입채용 (LGCNS U-camp교육제공),서울전체,신입대졸↑정규직·교육생,백엔드/서버개발웹개발프론트엔드ASP
https://www.saramin.co.kr/zf_user/jobs/relay/view?isMypage=no&rec_idx=46266408,[에듀테크 스타트업 오누이] 분야별 채용,서울마포구,신입·경력초대졸↑정규직·계약직,기술지원데이터분석가데이터엔지니어백엔드/서버개발
https://www.saramin.co.kr/zf_user/jobs/relay/view?isMypage=no&rec_idx=46055369,2023년 에스피파트너스 하반기 채용 공고,대구동구,신입·경력초대졸↑정규직,데이터분석가데이터엔지니어웹개발데이터마이닝
https://www.saramin.co.kr/zf_user/jobs/relay/view?isMypage=no&rec_idx=46274075,[사업확장] 각 부문 신규 채용,경기성남시 분당구,신입·경력초대졸↑정규직,기술지원데이터분석가데이터엔지니어백엔드/서버개발
https://www.saramin.co.kr/zf_user/jobs/relay/view?isMypage=no&rec_idx=46125932,오토플러스(주) JAVA 담당자 채용,서울영등포구,경력 5~15년학력무관정규직,백엔드/서버개발앱개발웹개발프론트엔드
https://www.saramin.co.kr/zf_user/jobs/relay/view?isMypage=no&rec_idx=46205668,[직영] DYB최선어학원 각 부문 STAFF 모집,서울강남구,신입·경력대졸↑정규직,영상처리AjaxAWSHTML
https://www.saramin.co.kr/zf_user/jobs/relay/view?isMypage=no&rec_idx=45994903,개발자채용 (웹개발자/Frontend개발자/Backend개발자/Android개발자/IOS개발자),서울마포구,신입·경력학력무관정규직,백엔드/서버개발보안컨설팅앱개발웹개발
https://www.saramin.co.kr/zf_user/jobs/relay/view?isMypage=no&rec_idx=46330146,"AI, 머신러닝 데이터분석가 등 신입 및 경력 채용",서울강남구,신입·경력대졸↑정규직,데이터분석가머신러닝빅데이터AI(인공지능)
https://www.saramin.co.kr/zf_user/jobs/relay/view?isMypage=no&rec_idx=46321431,"[삼성SDS자회사] (주)시큐아이 경력사원 채용공고(교육, 노사)",서울종로구,경력학력무관정규직,보안컨설팅정보보안CISOSE(시스템엔지니어)
https://www.saramin.co.kr/zf_user/jobs/relay/view?isMypage=no&rec_idx=46271079,[SK바이오사이언스] 23년 3분기 HR분야별 신입/경력사원 채용,경기성남시 분당구,신입·경력대졸↑정규직,데이터분석가RSASSQL
https://www.saramin.co.kr/zf_user/jobs/relay/view?isMypage=no&rec_idx=46255778,[국비지원 무료교육] 항공우주전문인력양성사업 항공ICT 설계 융합 엔지니어 양성 과정(2차) 교육생 모집,서울마포구,신입·경력초대졸↑교육생,데이터분석가데이터엔지니어백엔드/서버개발웹개발
https://www.saramin.co.kr/zf_user/jobs/relay/view?isMypage=no&rec_idx=46244655,㈜마이크로인피니티 수원사업장 정규직 사원 모집,경기수원시 영통구,경력무관고졸↑정규직,유지보수SE(시스템엔지니어)임베디드펌웨어
https://www.saramin.co.kr/zf_user/jobs/relay/view?isMypage=no&rec_idx=46181326,㈜솔탑 2023년 부문별 신입/경력사원 모집,대전유성구,경력무관초대졸↑정규직,데이터엔지니어백엔드/서버개발보안컨설팅웹개발
https://www.saramin.co.kr/zf_user/jobs/relay/view?isMypage=no&rec_idx=46282890,각 부문별 신입 및 경력 채용,경기성남시 분당구,신입·경력초대졸↑정규직·전문연구요원,데이터분석가데이터엔지니어백엔드/서버개발앱개발
https://www.saramin.co.kr/zf_user/jobs/relay/view?isMypage=no&rec_idx=46306175,헥토이노베이션 직군별 인재 모집,서울강남구,신입·경력초대졸↑정규직,데이터분석가백엔드/서버개발앱개발웹개발
https://www.saramin.co.kr/zf_user/jobs/relay/view?isMypage=no&rec_idx=46293419,한국전자기술연구원 비상근전문계약직 연구원 채용 공고,경기성남시 분당구,신입·경력고졸↑계약직,데이터분석가데이터엔지니어백엔드/서버개발앱개발
https://www.saramin.co.kr/zf_user/jobs/relay/view?isMypage=no&rec_idx=46275435,유진투자선물 IT 개발/운영 경력사원 채용,서울영등포구,경력학력무관정규직,기술지원데이터분석가데이터엔지니어백엔드/서버개발
https://www.saramin.co.kr/zf_user/jobs/relay/view?isMypage=no&rec_idx=46104534,[SK그룹 계열사 ㈜더비즈] 각 부문별 신입/경력 채용,서울서초구,신입·경력학력무관정규직·계약직,백엔드/서버개발앱개발웹개발퍼블리셔
https://www.saramin.co.kr/zf_user/jobs/relay/view?isMypage=no&rec_idx=46275250,(주)리파인 각 부문별 신입/경력 채용공고,서울강남구,신입·경력초대졸↑정규직,데이터분석가데이터엔지니어백엔드/서버개발유지보수
https://www.saramin.co.kr/zf_user/jobs/relay/view?isMypage=no&rec_idx=46267746,2023년 신입 및 경력 채용,경기성남시 분당구,신입·경력고졸↑정규직·계약직,유지보수퍼블리셔SE(시스템엔지니어)머신러닝
https://www.saramin.co.kr/zf_user/jobs/relay/view?isMypage=no&rec_idx=46289514,SFA 2023년 4차 공개채용 (8월27일마감),경기화성시,신입·경력대졸↑정규직,데이터분석가머신러닝영상처리컴퓨터비전
https://www.saramin.co.kr/zf_user/jobs/relay/view?isMypage=no&rec_idx=46213640,[하나금융그룹 자회사] 경력직 수시 채용,서울중구,경력학력무관정규직·계약직,백엔드/서버개발웹개발정보보안퍼블리셔
https://www.saramin.co.kr/zf_user/jobs/relay/view?isMypage=no&rec_idx=46190869,[서울/용인] 각 부문 경력사원 채용,경기용인시 처인구,경력고졸↑정규직,기술지원데이터분석가데이터엔지니어백엔드/서버개발
https://www.saramin.co.kr/zf_user/jobs/relay/view?isMypage=no&rec_idx=46268168,㈜유니테스트 각 부문 신입 및 경력 채용,경기용인시 기흥구,신입·경력대졸↑정규직,백엔드/서버개발앱개발유지보수QA/테스터
https://www.saramin.co.kr/zf_user/jobs/relay/view?isMypage=no&rec_idx=46270618,(삼성SDS분사社) 비젠트로㈜ 하반기 경력/신입 공채(병역특례 가능),경기성남시,신입·경력학력무관정규직,웹개발유지보수퍼블리셔프론트엔드
https://www.saramin.co.kr/zf_user/jobs/relay/view?isMypage=no&rec_idx=46258636,2023년 8월 NE능률 신입 및 경력(수시) 채용,서울마포구,신입·경력초대졸↑정규직·계약직,백엔드/서버개발보안컨설팅유지보수정보보안
https://www.saramin.co.kr/zf_user/jobs/relay/view?isMypage=no&rec_idx=46070235,"태광그룹 ㈜티시스아이티 우수 ""IT 기술 리더"" 영입",서울중구,경력학력무관정규직,기술지원데이터분석가데이터엔지니어백엔드/서버개발
https://www.saramin.co.kr/zf_user/jobs/relay/view?isMypage=no&rec_idx=46270059,비알랩 핵심 직군 경력 채용,서울강남구,경력학력무관정규직,백엔드/서버개발앱개발딥러닝머신러닝
https://www.saramin.co.kr/zf_user/jobs/relay/view?isMypage=no&rec_idx=46256668,㈜셀트리온 제조 분야 신입/경력 수시채용('23.07.31~08.15),인천연수구,경력무관대졸↑정규직,제약/바이오QAQC공정설계생산
https://www.saramin.co.kr/zf_user/jobs/relay/view?isMypage=no&rec_idx=46275301,[메타넷그룹] ㈜ 메타넷티플랫폼 AWS Engineer 대규모 채용,서울종로구,경력초대졸↑정규직,DevOpsRDBMSVPNAWS
https://www.saramin.co.kr/zf_user/jobs/relay/view?isMypage=no&rec_idx=46113587,각 부문 신입/경력 채용 [BIZ개발/솔루션개발/기술지원/주차영업/영업지원/CS 외],서울강남구,신입·경력고졸↑기간제·계약직,기술지원앱개발웹개발유지보수
https://www.saramin.co.kr/zf_user/jobs/relay/view?isMypage=no&rec_idx=45716121,[현대오토에버] 전 부문 경력직 채용,서울강남구,경력학력무관정규직,기술지원데이터분석가백엔드/서버개발보안컨설팅
https://www.saramin.co.kr/zf_user/jobs/relay/view?isMypage=no&rec_idx=46288412,㈜영신디엔씨 각 분야 신입/경력 채용,서울서초구,신입·경력초대졸↑정규직,데이터분석가데이터엔지니어앱개발자금관리
https://www.saramin.co.kr/zf_user/jobs/relay/view?isMypage=no&rec_idx=46283829,2023년 SW 부문 채용(장비SW개발/응용SW개발/기반기술 개발/웹사이트 풀스택 개발 등),경기수원시 영통구,신입·경력학력무관정규직,기술지원백엔드/서버개발보안컨설팅앱개발
https://www.saramin.co.kr/zf_user/jobs/relay/view?isMypage=no&rec_idx=46262538,경력직 채용 공고(사업 확장에 따른 인재 채용),서울종로구,경력3년↑고졸↑정규직·계약직,기술지원데이터분석가백엔드/서버개발앱개발
https://www.saramin.co.kr/zf_user/jobs/relay/view?isMypage=no&rec_idx=46265152,VIMOSOFT 2023 하반기 대규모 채용 (신입/경력),경기안양시 동안구,신입·경력학력무관정규직,게임개발데이터분석가백엔드/서버개발앱개발
https://www.saramin.co.kr/zf_user/jobs/relay/view?isMypage=no&rec_idx=46166825,2023년 하반기 각 부문 신입/경력 상시 채용,서울서초구,신입·경력대졸↑정규직,기술지원데이터분석가백엔드/서버개발보안컨설팅
https://www.saramin.co.kr/zf_user/jobs/relay/view?isMypage=no&rec_idx=46239208,기획/온라인 유통 MD/퍼포먼스 마케팅/CS/비서/해외수출,서울강남구,신입·경력학력무관정규직·계약직,비서임원비서총무내방객응대비품관리
https://www.saramin.co.kr/zf_user/jobs/relay/view?isMypage=no&rec_idx=46225538,도미노피자 각 부문 (자회사 포함) 공개 채용,서울강남구,경력무관학력무관정규직,기술지원데이터분석가데이터엔지니어백엔드/서버개발
https://www.saramin.co.kr/zf_user/jobs/relay/view?isMypage=no&rec_idx=46330881,생물정보분석(Bioinformatics) 직원 채용(신입/경력),서울강서구,신입·경력대졸↑정규직,데이터분석가데이터엔지니어머신러닝알고리즘
https://www.saramin.co.kr/zf_user/jobs/relay/view?isMypage=no&rec_idx=46333706,[하나금융TI] 금융IT 경력사원 모집,인천전체,경력무관대졸↑정규직,백엔드/서버개발보안컨설팅앱개발웹개발
https://www.saramin.co.kr/zf_user/jobs/relay/view?isMypage=no&rec_idx=45921611,서울대학교병원 데이터분석/머신러닝 연구원 및 대학원생 채용,서울종로구,경력무관대졸↑계약직,데이터분석가데이터엔지니어딥러닝머신러닝
https://www.saramin.co.kr/zf_user/jobs/relay/view?isMypage=no&rec_idx=46275624,인프라 Oracle DBA 업무 및 통합DB(MSSQL) 운영 담당자 모집,서울강남구,경력 3~8년학력무관정규직,데이터분석가데이터엔지니어백엔드/서버개발보안컨설팅
https://www.saramin.co.kr/zf_user/jobs/relay/view?isMypage=no&rec_idx=46311788,2023년 하반기 신입/경력 모집,경기성남시 수정구,신입·경력초대졸↑정규직,QA/테스터딥러닝머신러닝빅데이터
https://www.saramin.co.kr/zf_user/jobs/relay/view?isMypage=no&rec_idx=46273363,[이든앤앨리스마케팅] 마케팅 AE 경력직 채용,서울강남구,경력학력무관정규직,기술지원백엔드/서버개발앱개발웹개발
https://www.saramin.co.kr/zf_user/jobs/relay/view?isMypage=no&rec_idx=45385266,각 분야 채용공고,서울용산구,신입·경력학력무관정규직,데이터엔지니어유지보수SE(시스템엔지니어)빅데이터
https://www.saramin.co.kr/zf_user/jobs/relay/view?isMypage=no&rec_idx=46284335,[NICE디앤비] 2023년 3분기 수시채용,서울마포구,경력무관대졸↑정규직·계약직,웹개발DBA문서작성비품관리
https://www.saramin.co.kr/zf_user/jobs/relay/view?isMypage=no&rec_idx=46335051,웹 백엔드 작업 및 API 개발,경기전체,신입·경력대졸↑정규직,백엔드/서버개발웹개발C++C언어
https://www.saramin.co.kr/zf_user/jobs/relay/view?isMypage=no&rec_idx=46307175,(주)덱스터스튜디오 VP본부 채용,서울마포구,경력무관학력무관정규직,모델링AR(증강현실)VR(가상현실)C++
https://www.saramin.co.kr/zf_user/jobs/relay/view?isMypage=no&rec_idx=46225565,에이엠텔레콤㈜ 신입/경력 채용 모집,경기성남시 분당구,신입·경력고졸↑정규직,기술지원데이터분석가데이터엔지니어백엔드/서버개발
https://www.saramin.co.kr/zf_user/jobs/relay/view?isMypage=no&rec_idx=46330210,[이그니스] 랩노쉬 2023년 공개채용,서울성동구,신입·경력학력무관정규직·인턴직,CFACFOIR/공시관리회계세무회계
https://www.saramin.co.kr/zf_user/jobs/relay/view?isMypage=no&rec_idx=46199826,[뉴로메카] 제품개발그룹 인력 채용,서울성동구,경력무관대졸↑정규직,백엔드/서버개발프론트엔드APIAndroid
https://www.saramin.co.kr/zf_user/jobs/relay/view?isMypage=no&rec_idx=46322745,Hardware/Firmware Engineer (하드웨어/펌웨어/의료기기) Senior,경기고양시 덕양구,경력 3~15년초대졸↑정규직,알고리즘정보통신펌웨어FPGA
https://www.saramin.co.kr/zf_user/jobs/relay/view?isMypage=no&rec_idx=46096898,㈜지엔코 시스템부문 개발팀 및 전산운영팀 경력직원 채용,서울송파구,경력무관초대졸↑정규직,백엔드/서버개발웹개발웹마스터정보보안
https://www.saramin.co.kr/zf_user/jobs/relay/view?isMypage=no&rec_idx=46220530,다날 시스템 운영 및 관제 부문 신입 채용,서울서초구,신입학력무관정규직,정보보안네트워크핀테크IDC
https://www.saramin.co.kr/zf_user/jobs/relay/view?isMypage=no&rec_idx=46245198,2023년 고황건설㈜ 하반기 신입/경력 채용,서울강남구,신입·경력학력무관정규직,데이터분석가데이터마이닝머신러닝빅데이터
https://www.saramin.co.kr/zf_user/jobs/relay/view?isMypage=no&rec_idx=46030487,[네오플] 프로그래머/엔지니어 인재 모집,제주제주시,신입·경력학력무관정규직,게임개발백엔드/서버개발네트워크액션스크립트
https://www.saramin.co.kr/zf_user/jobs/relay/view?isMypage=no&rec_idx=46251025,DevOps,서울전체,경력 5~10년대졸↑정규직,백엔드/서버개발웹개발SE(시스템엔지니어)인프라
https://www.saramin.co.kr/zf_user/jobs/relay/view?isMypage=no&rec_idx=46268046,[DB하이텍 & DB글로벌칩] 경력사원 공개채용 (8월),경기부천시,경력4년↑대졸↑정규직,해외영업관리해외영업지원QA품질분석품질관리
https://www.saramin.co.kr/zf_user/jobs/relay/view?isMypage=no&rec_idx=46083437,서울대학교병원 데이터 엔지니어 채용,서울종로구,경력무관대졸↑계약직,데이터분석가데이터엔지니어머신러닝빅데이터
https://www.saramin.co.kr/zf_user/jobs/relay/view?isMypage=no&rec_idx=46301843,[코스닥상장사 수산INT] 개발직군 경력직 모집,서울강남구,경력3년↑초대졸↑정규직,기술지원데이터엔지니어백엔드/서버개발보안컨설팅
https://www.saramin.co.kr/zf_user/jobs/relay/view?isMypage=no&rec_idx=46332610,"SML제니트리 경력직 수시채용 [RnD, 생산, QC, 구매물류]",서울송파구,경력2년↑초대졸↑정규직,임상병리사분자진단생명과학유전자의료기기연구
https://www.saramin.co.kr/zf_user/jobs/relay/view?isMypage=no&rec_idx=46311739,서울대병원 영상의학과 AI 연구회 연구원 채용,서울종로구,"경력무관대졸↑계약직2,880 이상 (면접 후 협의)",딥러닝빅데이터연구원종합병원
https://www.saramin.co.kr/zf_user/jobs/relay/view?isMypage=no&rec_idx=46322039,[아이나비시스템즈] GIS DB 및 컨텐츠(POI) 구축 담당자 모집,경기성남시 분당구,경력2년↑초대졸↑정규직,GISMySQLPostgreSQLQGIS
https://www.saramin.co.kr/zf_user/jobs/relay/view?isMypage=no&rec_idx=46147536,"(주)디엑솜 공개채용 [임상,기획팀,Bioinformatics,선행연구,QC]",경기성남시 분당구,경력무관초대졸↑정규직,제약QA기술영업영업관리영업지원거래처영업
https://www.saramin.co.kr/zf_user/jobs/relay/view?isMypage=no&rec_idx=46265771,한국생산기술연구원(인천) 연구개발 보조,인천연수구,경력무관학력무관인턴직·아르바이트,데이터분석가데이터엔지니어백엔드/서버개발데이터라벨링
https://www.saramin.co.kr/zf_user/jobs/relay/view?isMypage=no&rec_idx=46333867,[ASML] Brion Field Application Engineer,경기화성시,신입·경력석사↑정규직,공정엔지니어기술엔지니어설계엔지니어반도체설계반도체
https://www.saramin.co.kr/zf_user/jobs/relay/view?isMypage=no&rec_idx=46273550,[이든앤앨리스마케팅] 브랜드체험관 AE 경력직 채용,경기고양시 일산서구,경력학력무관정규직,기술지원백엔드/서버개발앱개발웹개발
https://www.saramin.co.kr/zf_user/jobs/relay/view?isMypage=no&rec_idx=46064052,NHN 아카데미 채용연계형 개발자 부트캠프 연수생 모집,경남김해시,경력무관학력무관교육생,기술지원데이터분석가데이터엔지니어백엔드/서버개발
https://www.saramin.co.kr/zf_user/jobs/relay/view?isMypage=no&rec_idx=46094091,LG디스플레이 Vision S/W 분야 경력 상시채용,서울강서구,경력7년↑대졸↑정규직,머신러닝증착디스플레이반도체
https://www.saramin.co.kr/zf_user/jobs/relay/view?isMypage=no&rec_idx=46305770,경복대학교 대학본부(직원) 채용,경기남양주시,경력무관학력무관정규직·계약직,데이터분석가데이터라벨링모델링빅데이터급식소
https://www.saramin.co.kr/zf_user/jobs/relay/view?isMypage=no&rec_idx=46333261,서울아산병원 바이오메디컬컴퓨팅 코어 신입 연구원 모집,서울송파구,신입대졸↑기간제·계약직,딥러닝머신러닝빅데이터영상처리이미지프로세싱
https://www.saramin.co.kr/zf_user/jobs/relay/view?isMypage=no&rec_idx=46308449,AI 개발자 신입/경력 채용 (대전),대전전체,신입·경력학력무관정규직,데이터분석가딥러닝머신러닝블록체인
https://www.saramin.co.kr/zf_user/jobs/relay/view?isMypage=no&rec_idx=46146960,"Senior, Application Operation Engineer",서울강남구,경력 5~15년학력무관정규직,백엔드/서버개발SE(시스템엔지니어)인프라유지보수
https://www.saramin.co.kr/zf_user/jobs/relay/view?isMypage=no&rec_idx=46316699,시너스텍(주) S/W팀 수시채용,경기성남시 분당구,신입·경력대졸↑정규직,S/WAI(인공지능)C#C++
https://www.saramin.co.kr/zf_user/jobs/relay/view?isMypage=no&rec_idx=46051941,[뮤직플랫폼FLO] Backend(Junior) 개발자,서울서초구,경력 1~5년학력무관정규직,백엔드/서버개발웹개발SE(시스템엔지니어)블록체인
https://www.saramin.co.kr/zf_user/jobs/relay/view?isMypage=no&rec_idx=46226055,[처음소프트] IT개발(JAVA·Spring·JSP) 웹개발자 신입/경력채,서울강남구,신입·경력초대졸↑정규직,기술지원백엔드/서버개발웹개발유지보수SI개발
https://www.saramin.co.kr/zf_user/jobs/relay/view?isMypage=no&rec_idx=46336538,웹(Java) 및 AI/딥러닝 개발자 모집 - 경력 / 신입,서울영등포구,경력무관학력무관정규직,백엔드/서버개발웹개발프론트엔드딥러닝
https://www.saramin.co.kr/zf_user/jobs/relay/view?isMypage=no&rec_idx=46284869,넷사랑컴퓨터에서 웹개발 팀원(신입/경력)을 모집합니다.,서울광진구,경력무관초대졸↑정규직,백엔드/서버개발웹개발AjaxjQuery
https://www.saramin.co.kr/zf_user/jobs/relay/view?isMypage=no&rec_idx=46190581,[인텔리전스랩스] 데이터 분석가 (메이플스토리 게임 분석),경기성남시 분당구,경력무관학력무관정규직,데이터분석가SparkSQL게임
https://www.saramin.co.kr/zf_user/jobs/relay/view?isMypage=no&rec_idx=46318160,[파이오링크] 연구소 WAF개발실 개발자 모집 (신입/경력),서울금천구,신입·경력학력무관정규직,백엔드/서버개발Linux네트워크API
https://www.saramin.co.kr/zf_user/jobs/relay/view?isMypage=no&rec_idx=46094834,[병역특례] 인공지능연구원 (전문연구요원),서울강남구,경력무관대졸↑전문연구요원·산업기능요원,백엔드/서버개발웹개발프론트엔드머신러닝
https://www.saramin.co.kr/zf_user/jobs/relay/view?isMypage=no&rec_idx=46241450,백엔드(백오피스) 개발자 경력직 채용,서울강남구,경력 3~10년대졸↑정규직,데이터분석가데이터엔지니어백엔드/서버개발유지보수
https://www.saramin.co.kr/zf_user/jobs/relay/view?isMypage=no&rec_idx=46339737,"에이아이티스토리 개발자 채용 (신입 가능, 경력자 우대)",서울서초구,경력무관학력무관정규직,웹개발DBA모델링빅데이터
https://www.saramin.co.kr/zf_user/jobs/relay/view?isMypage=no&rec_idx=46171829,Azure infra 구축 엔지니어,서울강남구,신입·경력고졸↑정규직,데이터엔지니어백엔드/서버개발유지보수SE(시스템엔지니어)
https://www.saramin.co.kr/zf_user/jobs/relay/view?isMypage=no&rec_idx=46247691,[아프리카TV] 서버운영 및 모니터링 (Operation Engineer),서울서초구,경력무관학력무관정규직,기술지원유지보수SE(시스템엔지니어)네트워크
https://www.saramin.co.kr/zf_user/jobs/relay/view?isMypage=no&rec_idx=46331605,소프트웨어 개발 정규직 인력채용,경기화성시,신입·경력대졸↑정규직,머신러닝AI(인공지능)모델링빅데이터
https://www.saramin.co.kr/zf_user/jobs/relay/view?isMypage=no&rec_idx=46263929,[면접비 지급] 인공지능 기반 머신비전 연구개발,경기화성시,신입·경력대졸↑정규직,SI개발딥러닝머신러닝빅데이터
https://www.saramin.co.kr/zf_user/jobs/relay/view?isMypage=no&rec_idx=46217633,JAVA 웹 개발자 정규직 채용 (신입 / 경력 2년 이상),서울영등포구,신입·경력학력무관정규직,웹개발JavaJavascriptJSP
https://www.saramin.co.kr/zf_user/jobs/relay/view?isMypage=no&rec_idx=46288604,[오픈메이트] 데이터 분석분야 신입/경력 인재 모집,서울서대문구,신입·경력초대졸↑정규직,데이터분석가백엔드/서버개발웹개발IT컨설팅
https://www.saramin.co.kr/zf_user/jobs/relay/view?isMypage=no&rec_idx=46281884,[코스닥상장사] 데이터 파이프라인 개발자 (신입/~5년 이하 경력),서울강서구,신입·경력학력무관정규직,웹개발SE(시스템엔지니어)데이터마이닝데이터시각화
https://www.saramin.co.kr/zf_user/jobs/relay/view?isMypage=no&rec_idx=46045950,충북대학교병원 국책과제 연구원 채용공고 (AI 딥러닝),충북청주시 서원구,경력무관대졸↑계약직,딥러닝머신러닝빅데이터AI(인공지능)
https://www.saramin.co.kr/zf_user/jobs/relay/view?isMypage=no&rec_idx=46279255,(주)로커스 애니메이션사업본부 분야별 모집 안내,서울강남구,경력무관대졸↑정규직·계약직,만화/웹툰라이팅렌더링만화/웹툰모델링
https://www.saramin.co.kr/zf_user/jobs/relay/view?isMypage=no&rec_idx=46289166,(주)이프 경영지원부 경력직 채용,경기화성시,경력5년↑학력무관정규직,경리회계사법인결산재무기획전표입력
https://www.saramin.co.kr/zf_user/jobs/relay/view?isMypage=no&rec_idx=46333310,외국계뷰티회사 l Junior Big data engineer 모집(재택가능),서울강남구,경력1년↑대졸↑정규직·계약직,데이터엔지니어빅데이터머신러닝스크립트인프라
https://www.saramin.co.kr/zf_user/jobs/relay/view?isMypage=no&rec_idx=46303555,연구개발자 모집,서울송파구,경력무관고졸↑정규직,연구원R&DR&D기획전기전기설비
https://www.saramin.co.kr/zf_user/jobs/relay/view?isMypage=no&rec_idx=46283489,한국생산기술연구원(대구) 연구개발 보조 및 학연과정,대구달성군,경력무관대졸↑기간제·계약직,연구원연구소
https://www.saramin.co.kr/zf_user/jobs/relay/view?isMypage=no&rec_idx=46252763,"2023년 나비엠알오 IT, 전략소싱(MD), 고객지원(CS 계약직) 채용공고",서울금천구,신입·경력학력무관정규직·계약직,백엔드/서버개발프론트엔드RDBMSJavajQuery
https://www.saramin.co.kr/zf_user/jobs/relay/view?isMypage=no&rec_idx=46244197,임상병리사 경력사원 채용,대구전체,경력대졸↑정규직,간호사심사간호사임상병리사CRA(임상연구원)CRC(연구간호사)
https://www.saramin.co.kr/zf_user/jobs/relay/view?isMypage=no&rec_idx=46056416,[국비무료IT취업과정]자바/프론트엔드/백엔드/풀스택/빅데이터외,서울강남구,경력무관학력무관교육생,데이터분석가데이터엔지니어앱개발웹개발웹마스터
https://www.saramin.co.kr/zf_user/jobs/relay/view?isMypage=no&rec_idx=46251244,[코스닥상장사] 경영관리 담당자 채용,서울송파구,경력 8~15년학력무관정규직,관리회계재무분석채권관리회계재무
https://www.saramin.co.kr/zf_user/jobs/relay/view?isMypage=no&rec_idx=46323535,[데이트코스 1위 앱 데이트팝] 컨텐츠 에디터 프리랜서 모집,서울서초구,"경력무관학력무관프리랜서35,000 원",콘텐츠관리스크립터작가스토리텔링콘텐츠기획
https://www.saramin.co.kr/zf_user/jobs/relay/view?isMypage=no&rec_idx=46200525,[강남] 프론트엔드 개발자,서울강남구,경력무관초대졸↑정규직,프론트엔드.NETC#HTML
https://www.saramin.co.kr/zf_user/jobs/relay/view?isMypage=no&rec_idx=46235143,이미지 프로세싱 알고리즘 개발 신입/경력 채용,경기안양시,"신입·경력대졸↑정규직4,212 만원",웹개발딥러닝머신러닝솔루션신경망
https://www.saramin.co.kr/zf_user/jobs/relay/view?isMypage=no&rec_idx=46275186,2023년 한진물류연구원 신입/경력직 연구원 채용,서울중구,경력무관석사↑정규직,연구원해상운송
https://www.saramin.co.kr/zf_user/jobs/relay/view?isMypage=no&rec_idx=46323542,[500만의 선택 데이트팝] 프리랜서 캐릭터툰 작가 모집,서울서초구,경력무관학력무관프리랜서,애니메이터일러스트레이터캐릭터디자인2D디자인삽화
https://www.saramin.co.kr/zf_user/jobs/relay/view?isMypage=no&rec_idx=46318351,[국내메이플] 데이터 분석가,경기성남시 분당구,경력무관학력무관정규직,데이터분석가게임
https://www.saramin.co.kr/zf_user/jobs/relay/view?isMypage=no&rec_idx=46181477,[알에스엔] 빅데이터 기획자 분야별 신입/경력 채용,경기고양시 일산서구,신입·경력대졸↑정규직,데이터분석가데이터엔지니어데이터시각화모델링빅데이터
https://www.saramin.co.kr/zf_user/jobs/relay/view?isMypage=no&rec_idx=46183644,의료AI 스타트업 (주)빔웍스 개발자 채용연계형 인턴 4기 모집,대구북구,신입학력무관인턴직,데이터엔지니어프론트엔드데이터마이닝데이터시각화딥러닝
https://www.saramin.co.kr/zf_user/jobs/relay/view?isMypage=no&rec_idx=46236704,"소프트웨어개발, 자재관리, 기술지원, 품질관리 분야 사원 모집",대전유성구,경력초대졸↑정규직,기술지원웹개발유지보수정보보안IT컨설팅
https://www.saramin.co.kr/zf_user/jobs/relay/view?isMypage=no&rec_idx=46258936,WONIK IPS One-Team R&D박사 수시채용,경기평택시,경력무관박사정규직,학술연구부품설계반도체설계CVDPVD
https://www.saramin.co.kr/zf_user/jobs/relay/view?isMypage=no&rec_idx=46268096,[인텔리전스랩스] UX Researcher/UX 분석가 (경험 전략 기획),경기성남시 분당구,경력학력무관정규직,데이터분석가솔루션RSQL
https://www.saramin.co.kr/zf_user/jobs/relay/view?isMypage=no&rec_idx=46272348,주식운용본부 퀀트 운용지원 신입/경력 채용,서울서초구,신입·경력대졸↑정규직,전략기획리서치투자전략펀드매니저자산운용
https://www.saramin.co.kr/zf_user/jobs/relay/view?isMypage=no&rec_idx=46215406,"SGS KOREA 연구개발부문 채용(H/W, 공정, PLASMA, RIO, 특허)",경기화성시,신입·경력학력무관정규직,변리사특허명세사기술사업화특허관리특허분석
https://www.saramin.co.kr/zf_user/jobs/relay/view?isMypage=no&rec_idx=46268447,Senior Site Reliability Engineer,서울강남구,경력 8~15년학력무관정규직,백엔드/서버개발웹개발프론트엔드SE(시스템엔지니어)
https://www.saramin.co.kr/zf_user/jobs/relay/view?isMypage=no&rec_idx=46313747,영업지원[전략영업팀],서울성동구,신입·경력대졸↑정규직,B2B가맹점관리가맹점영업거래처관리거래처영업
https://www.saramin.co.kr/zf_user/jobs/relay/view?isMypage=no&rec_idx=46322453,2023년 Software Engineer&Bioinformatics 채용공고,서울성동구,경력3년↑대졸↑정규직,연구원분자진단생명과학제약/바이오제약/바이오
https://www.saramin.co.kr/zf_user/jobs/relay/view?isMypage=no&rec_idx=46268403,DBA - Cloud DB팀,서울강남구,경력 3~6년학력무관정규직,백엔드/서버개발웹개발DBA블록체인
https://www.saramin.co.kr/zf_user/jobs/relay/view?isMypage=no&rec_idx=46233556,[마케팅센터] 구글 광고 전문 운영 담당자 모집,서울동작구,경력무관학력무관정규직,마케팅기획마케팅전략광고마케팅글로벌마케팅디지털마케팅
https://www.saramin.co.kr/zf_user/jobs/relay/view?isMypage=no&rec_idx=46300376,인더스마트(주) 정규직 모집 공고 (인사총무팀),서울종로구,신입·경력대졸↑정규직,총무인사행정인사PhotoShop의료기기
https://www.saramin.co.kr/zf_user/jobs/relay/view?isMypage=no&rec_idx=46308982,[쿠팡풀필먼트서비스]안성5센터 대만직구팀 물류매니저 채용(AM),경기안성시,경력 3~7년학력무관정규직,데이터분석물류관리재고관리물류기획수불관리
https://www.saramin.co.kr/zf_user/jobs/relay/view?isMypage=no&rec_idx=46317441,Junior DevOps Engineer - SRE,서울강남구,경력3년↑학력무관정규직,DevOps네트워크인프라클라우드
https://www.saramin.co.kr/zf_user/jobs/relay/view?isMypage=no&rec_idx=46046281,[네오플] 게임그래픽 직군 분야별 모집,제주제주시,경력무관학력무관정규직,게임개발모델링게임디자인모바일디자인
https://www.saramin.co.kr/zf_user/jobs/relay/view?isMypage=no&rec_idx=45984639,[인텔리전스랩스] 탐지솔루션실 데이터 엔지니어,경기성남시 분당구,경력무관학력무관정규직,빅데이터솔루션ApacheAWS
https://www.saramin.co.kr/zf_user/jobs/relay/view?isMypage=no&rec_idx=46217912,Senior DevOps Engineer - Infra,서울강남구,경력 3~20년학력무관정규직,QA/테스터QA품질보증SQA
https://www.saramin.co.kr/zf_user/jobs/relay/view?isMypage=no&rec_idx=46002832,[OK금융그룹]OK인베스트먼트파트너스 경력직 채용공고,서울중구,경력3년↑대졸↑정규직,백엔드/서버개발앱개발웹개발퍼블리셔
https://www.saramin.co.kr/zf_user/jobs/relay/view?isMypage=no&rec_idx=46208924,"[야놀자] Software Engineer, Search Infra",서울강남구,경력 1~4년학력무관정규직,백엔드/서버개발빅데이터알고리즘인프라
https://www.saramin.co.kr/zf_user/jobs/relay/view?isMypage=no&rec_idx=46286272,Back-end Engineer - 데일리호텔,서울강남구,경력4년↑학력무관정규직,백엔드/서버개발웹개발프론트엔드모델링
https://www.saramin.co.kr/zf_user/jobs/relay/view?isMypage=no&rec_idx=46293266,[국내메이플] 시스템 엔지니어,경기성남시 분당구,경력학력무관정규직,게임개발스크립트H/WIIS
https://www.saramin.co.kr/zf_user/jobs/relay/view?isMypage=no&rec_idx=45954839,[네오플][서울지사][AK] 게임밸런싱 기획자 모집,서울강남구,경력무관학력무관정규직,게임개발Unreal콘텐츠기획게임기획
https://www.saramin.co.kr/zf_user/jobs/relay/view?isMypage=no&rec_idx=46281556,[CFS] 쿠팡 안성5센터 TW 현장관리자 (TW Team Captain)모집,경기안성시,경력무관학력무관정규직330 만원,물류관리유통관리입고/입하출고/출하구매
https://www.saramin.co.kr/zf_user/jobs/relay/view?isMypage=no&rec_idx=46306122,빅데이터 개발자 정규직/계약직 신입채용,서울강남구,신입대졸↑정규직·계약직,앱개발웹개발빅데이터API
https://www.saramin.co.kr/zf_user/jobs/relay/view?isMypage=no&rec_idx=46116548,[SPOTV] 데이터기획팀 데이터엔지니어 채용,서울마포구,경력무관대졸↑계약직,데이터분석가데이터엔지니어데이터마이닝데이터시각화
https://www.saramin.co.kr/zf_user/jobs/relay/view?isMypage=no&rec_idx=46211585,"[금융SI/SM] Java, JSP 웹 개발자를 모십니다.",경기하남시,경력2년↑초대졸↑정규직,백엔드/서버개발앱개발웹개발유지보수
https://www.saramin.co.kr/zf_user/jobs/relay/view?isMypage=no&rec_idx=46327113,[위뉴] 국가 R&D 사업 과제연구원 채용,경기고양시 일산동구,경력무관초대졸↑계약직280 만원,데이터분석가데이터라벨링딥러닝머신러닝
https://www.saramin.co.kr/zf_user/jobs/relay/view?isMypage=no&rec_idx=46262303,[하나텍시스템] 연구소 개발자 대규모 수시채용 진행중,경기광명시,경력무관고졸↑정규직,앱개발SI개발데이터라벨링딥러닝
https://www.saramin.co.kr/zf_user/jobs/relay/view?isMypage=no&rec_idx=46282374,[플랜아이] 개발자 채용 (JSP JAVA WEB),대전유성구,신입·경력학력무관정규직,웹개발유지보수프론트엔드SI개발
https://www.saramin.co.kr/zf_user/jobs/relay/view?isMypage=no&rec_idx=46287669,[Citemp] 현대캐피탈 본사 데이터산출 사무지원 채용,서울중구,"경력무관고졸↑계약직3,140 만원",기술지원데이터분석가유지보수정보보안
https://www.saramin.co.kr/zf_user/jobs/relay/view?isMypage=no&rec_idx=46316967,임베디드 C/C++ 경력 개발자 채용,인천연수구,경력5년↑대졸↑정규직,S/WC++C언어Linux
https://www.saramin.co.kr/zf_user/jobs/relay/view?isMypage=no&rec_idx=46298087,DSO(PM/PMO/개발자/SaaS 서비스운영자 등) 채용,서울강남구,경력무관학력무관정규직,기술지원백엔드/서버개발앱개발웹개발
https://www.saramin.co.kr/zf_user/jobs/relay/view?isMypage=no&rec_idx=46310031,교보라이프플래닛생명 부문별 적극 채용,서울용산구,경력4년↑대졸↑정규직,데이터분석가데이터엔지니어웹개발SE(시스템엔지니어)
https://www.saramin.co.kr/zf_user/jobs/relay/view?isMypage=no&rec_idx=46221787,[주4.5일] Back end (JAVA) 개발자 채용,서울구로구,경력2년↑학력무관정규직,백엔드/서버개발앱개발웹개발프론트엔드
https://www.saramin.co.kr/zf_user/jobs/relay/view?isMypage=no&rec_idx=46188420,"SW 개발(JAVA) 연구원 채용(신입, 경력 무관)",경기성남시 분당구,경력무관대졸↑정규직,백엔드/서버개발프론트엔드DBMSS/W
https://www.saramin.co.kr/zf_user/jobs/relay/view?isMypage=no&rec_idx=46088072,[㈜테크웨이즈] 각 부문별 신입·경력사원 모집,경기용인시 수지구,신입·경력고졸↑정규직,기술지원SE(시스템엔지니어)SI개발네트워크
https://www.saramin.co.kr/zf_user/jobs/relay/view?isMypage=no&rec_idx=46295771,환경 솔루션 개발 신입/경력직 모집합니다,서울성동구,경력무관학력무관정규직·계약직,백엔드/서버개발웹개발프론트엔드Windows
https://www.saramin.co.kr/zf_user/jobs/relay/view?isMypage=no&rec_idx=46029366,웹 프론트엔드 / 백엔드 신입 개발자 모집,서울중구,경력무관초대졸↑정규직,백엔드/서버개발웹개발프론트엔드API
https://www.saramin.co.kr/zf_user/jobs/relay/view?isMypage=no&rec_idx=46326205,IT 직원 채용,서울영등포구,경력3년↑학력무관정규직,게임개발기술지원데이터분석가데이터엔지니어
https://www.saramin.co.kr/zf_user/jobs/relay/view?isMypage=no&rec_idx=46213254,2023 전국 대규모 공개채용 [신입/경력] Automation 분야,전국,신입·경력학력무관정규직,클라우드C++JavaJavascript
https://www.saramin.co.kr/zf_user/jobs/relay/view?isMypage=no&rec_idx=46163119,임베디드 하드웨어 및 소프트웨어 초.중급개발자 모집 [연구소],서울구로구,신입·경력초대졸↑정규직,백엔드/서버개발유지보수프론트엔드SI개발
https://www.saramin.co.kr/zf_user/jobs/relay/view?isMypage=no&rec_idx=46237068,[(주) 쇼엠] 개발자 신입 사원 채용,인천연수구,경력무관학력무관정규직,기술지원백엔드/서버개발앱개발웹개발
https://www.saramin.co.kr/zf_user/jobs/relay/view?isMypage=no&rec_idx=46261809,[주3일출근] 프론트앤드 및 서버개발자 모집,서울영등포구,경력무관대졸↑정규직·계약직,백엔드/서버개발앱개발웹개발퍼블리셔
https://www.saramin.co.kr/zf_user/jobs/relay/view?isMypage=no&rec_idx=46327198,AI 음향 딥러닝/머신러닝 개발자 채용합니다.,서울성동구,경력무관석사↑정규직,딥러닝AI(인공지능)PytorchTensorflow
https://www.saramin.co.kr/zf_user/jobs/relay/view?isMypage=no&rec_idx=45533814,(주)한컴위드 프론트엔드 개발직군 채용,경기성남시 분당구,경력학력무관정규직,백엔드/서버개발보안컨설팅앱개발웹개발
https://www.saramin.co.kr/zf_user/jobs/relay/view?isMypage=no&rec_idx=46333908,[삼성SDS자회사] (주)시큐아이 경력사원 채용(보안컨설팅),서울종로구,경력학력무관정규직,백엔드/서버개발보안컨설팅웹개발정보보안
https://www.saramin.co.kr/zf_user/jobs/relay/view?isMypage=no&rec_idx=46156707,버블콘 개발자/PM/영업/기획 신입 및 경력 채용,서울구로구,경력3년↑학력무관정규직,데이터분석가데이터엔지니어백엔드/서버개발프론트엔드
https://www.saramin.co.kr/zf_user/jobs/relay/view?isMypage=no&rec_idx=46295777,디지털 영상처리 SW 개발 신입/경력직 모집합니다,서울성동구,경력무관학력무관정규직·계약직,백엔드/서버개발웹개발프론트엔드딥러닝
https://www.saramin.co.kr/zf_user/jobs/relay/view?isMypage=no&rec_idx=46110123,Java Web 개발자 정규직 채용(경력무관),서울금천구,경력무관학력무관정규직·계약직,웹개발AjaxJava소프트웨어개발
https://www.saramin.co.kr/zf_user/jobs/relay/view?isMypage=no&rec_idx=46330547,"AI 빅데이터 엔지니어 모집 / 딥러닝 엔지니어, 빅데이터 실무자",서울성동구,경력무관대졸↑정규직,데이터분석가데이터엔지니어백엔드/서버개발데이터마이닝
https://www.saramin.co.kr/zf_user/jobs/relay/view?isMypage=no&rec_idx=46261614,[카카오자회사] 카카오공동체 상담시스템 솔루션 개발,경기성남시 분당구,경력 3~10년학력무관정규직,백엔드/서버개발앱개발웹개발API
https://www.saramin.co.kr/zf_user/jobs/relay/view?isMypage=no&rec_idx=45936512,ICT융합 스마트팩토리 제어설계 교육생 모집(K-디지털),충남전체,경력무관학력무관교육생,데이터분석가네트워크딥러닝머신러닝
https://www.saramin.co.kr/zf_user/jobs/relay/view?isMypage=no&rec_idx=46261281,머신비전 SW개발자/c++/ MFC/OpenCV/기숙사지원,경기광명시,경력무관학력무관정규직,네트워크딥러닝머신러닝빅데이터
https://www.saramin.co.kr/zf_user/jobs/relay/view?isMypage=no&rec_idx=46308902,S/W QA & Test Engineer (신입/경력) 모집합니다.,서울구로구,경력무관초대졸↑정규직·프리랜서,백엔드/서버개발웹마스터QA/테스터SE(시스템엔지니어)
https://www.saramin.co.kr/zf_user/jobs/relay/view?isMypage=no&rec_idx=46260607,대구본부 AI&Big Data 서비스 풀스택 웹개발자(신입/경력),대구수성구,신입·경력대졸↑정규직,백엔드/서버개발웹개발유지보수빅데이터
https://www.saramin.co.kr/zf_user/jobs/relay/view?isMypage=no&rec_idx=46287964,"프론트, 백엔드 개발자 채용 (경력)",경기의왕시,신입·경력고졸↑정규직,백엔드/서버개발앱개발웹개발머신러닝
https://www.saramin.co.kr/zf_user/jobs/relay/view?isMypage=no&rec_idx=46338192,[Salesforce/업계 1위] Java 개발자 채용 - 신입/경력(2년~5년),서울마포구,신입·경력학력무관정규직,백엔드/서버개발웹개발유지보수프론트엔드
https://www.saramin.co.kr/zf_user/jobs/relay/view?isMypage=no&rec_idx=45961284,[패스오더] 급성장중인 스타트업 '데브옵스 엔지니어' 채용,서울강남구,신입·경력학력무관정규직·계약직,기술지원백엔드/서버개발앱개발웹개발
https://www.saramin.co.kr/zf_user/jobs/relay/view?isMypage=no&rec_idx=45888446,KEPCO Digital Boot Camp 전력빅데이터기반 융합SW개발자 2기 모집,광주광산구,경력무관초대졸↑교육생,데이터분석가데이터엔지니어백엔드/서버개발프론트엔드
https://www.saramin.co.kr/zf_user/jobs/relay/view?isMypage=no&rec_idx=46305735,[넷마블 F&C 자회사] AI Researcher 경력무관 모집,서울성동구,경력무관학력무관정규직,네트워크S/WC++Linux
https://www.saramin.co.kr/zf_user/jobs/relay/view?isMypage=no&rec_idx=46181799,신입 ERP 개발 및 유지보수 채용,서울금천구,신입대졸↑정규직·인턴직,데이터분석가데이터엔지니어앱개발웹개발
https://www.saramin.co.kr/zf_user/jobs/relay/view?isMypage=no&rec_idx=46141160,"IT 경력직 채용(백엔드개발, 서비스기획, CRM 마케팅)",서울강남구,경력학력무관정규직·계약직,백엔드/서버개발보안컨설팅유지보수정보보안
https://www.saramin.co.kr/zf_user/jobs/relay/view?isMypage=no&rec_idx=46284145,[삼성SDS자회사] (주)시큐아이 경력사원 채용(보안운영),서울서초구,경력4년↑학력무관계약직,보안컨설팅정보보안CISOSE(시스템엔지니어)
https://www.saramin.co.kr/zf_user/jobs/relay/view?isMypage=no&rec_idx=46298067,파이썬 개발자 경력사원 채용공고 - (정규직& 계약직),서울금천구,경력1년↑고졸↑정규직·기간제,DjangoFlaskMySQL유지보수
https://www.saramin.co.kr/zf_user/jobs/relay/view?isMypage=no&rec_idx=46140655,2023년 하반기 신입 및 경력 공개채용,서울강남구,신입·경력학력무관정규직,백엔드/서버개발앱개발웹개발유지보수
https://www.saramin.co.kr/zf_user/jobs/relay/view?isMypage=no&rec_idx=46253363,㈜hy 하반기 공채 채용전환형 인턴(직무별) & 경력(IT/데이터) 모집,서울서초구,신입·경력대졸↑정규직·인턴직,데이터분석가백엔드/서버개발프론트엔드모델링
https://www.saramin.co.kr/zf_user/jobs/relay/view?isMypage=no&rec_idx=46282518,데이터 전문인력 및 안전/보건관리자 경력사원 채용,경기성남시 분당구,경력학력무관정규직·계약직,데이터분석가데이터엔지니어유지보수정보보안
https://www.saramin.co.kr/zf_user/jobs/relay/view?isMypage=no&rec_idx=46279179,Python(파이썬)개발자 모집 신입/경력 채용,서울강서구,경력5년↑학력무관정규직·계약직,SI개발솔루션ERPDjango소프트웨어개발
https://www.saramin.co.kr/zf_user/jobs/relay/view?isMypage=no&rec_idx=46316107,파이썬 개발자 경력모집,서울금천구,경력1년↑고졸↑정규직·파트,DjangoFlaskMySQL유지보수
https://www.saramin.co.kr/zf_user/jobs/relay/view?isMypage=no&rec_idx=46268578,[주3일 원격근무] 2023년 8월 직무별 신입/경력 대규모 인재채용,서울구로구,신입·경력대졸↑정규직·계약직,WindowsHTMLJava전산회계
https://www.saramin.co.kr/zf_user/jobs/relay/view?isMypage=no&rec_idx=45990927,Python 시스템 개발자 신입 및 경력사원 채용,경기성남시 분당구,경력무관초대졸↑정규직,IT컨설팅딥러닝MySQLPytorchTensorflow
https://www.saramin.co.kr/zf_user/jobs/relay/view?isMypage=no&rec_idx=45953430,"자바, 파이썬 등 개발자 과정 강의가능한 전문강사를 채용합니다",경기성남시 중원구,경력무관학력무관위촉직,IT강사IT학원
https://www.saramin.co.kr/zf_user/jobs/relay/view?isMypage=no&rec_idx=46210596,파이썬 개발자(신입),서울강남구,경력무관대졸↑정규직,데이터엔지니어백엔드/서버개발데이터시각화머신러닝
https://www.saramin.co.kr/zf_user/jobs/relay/view?isMypage=no&rec_idx=46081347,각 부문 신입 / 경력 채용,경기군포시,경력무관학력무관정규직,기술지원데이터분석가유지보수머신러닝
https://www.saramin.co.kr/zf_user/jobs/relay/view?isMypage=no&rec_idx=46317380,경기대 빅데이터캠프 파이썬 강사모집 신입/경력 채용,경기수원시 영통구,"경력무관학력무관계약직·아르바이트600,000 원",파트강사IT강사IT컨설팅
https://www.saramin.co.kr/zf_user/jobs/relay/view?isMypage=no&rec_idx=46171312,[바이브컴퍼니] 공공프로젝트 파이썬 개발자 신입 모집,서울용산구,신입대졸↑정규직,기술지원데이터엔지니어데이터마이닝데이터시각화
https://www.saramin.co.kr/zf_user/jobs/relay/view?isMypage=no&rec_idx=46283895,2023년 R&D 부문 채용(전자설계/기계설계/광학설계/선행개발 등),경기수원시 영통구,신입·경력대졸↑정규직,FPGAMCU연구원R&D
https://www.saramin.co.kr/zf_user/jobs/relay/view?isMypage=no&rec_idx=46301310,대기업 서비스 파이썬 백앤드 개발자 모십니다.,서울강서구,경력학력무관정규직·프리랜서,백엔드/서버개발웹개발SI개발SI·시스템통합
https://www.saramin.co.kr/zf_user/jobs/relay/view?isMypage=no&rec_idx=46169327,CREVERSE 신입/경력사원 수시채용,서울강남구,신입·경력초대졸↑정규직,데이터분석가데이터엔지니어백엔드/서버개발정보보안
https://www.saramin.co.kr/zf_user/jobs/relay/view?isMypage=no&rec_idx=46156008,파이썬 개발자 인력 채용,서울영등포구,경력무관학력무관계약직·인턴직,딥러닝알고리즘컴퓨터비전Django
https://www.saramin.co.kr/zf_user/jobs/relay/view?isMypage=no&rec_idx=46207242,알피바이오 신입/경력 채용,서울강남구,신입·경력학력무관정규직·계약직,기술지원보안컨설팅유지보수정보보안
https://www.saramin.co.kr/zf_user/jobs/relay/view?isMypage=no&rec_idx=46274750,[다우키움그룹] 2023년 다우데이타 3분기 채용,서울마포구,신입·경력초대졸↑정규직,기술지원백엔드/서버개발웹개발정보보안
https://www.saramin.co.kr/zf_user/jobs/relay/view?isMypage=no&rec_idx=46324406,딥노이드 신입 ·경력 채용공고,서울구로구,신입·경력학력무관정규직,데이터분석가데이터엔지니어백엔드/서버개발보안컨설팅
https://www.saramin.co.kr/zf_user/jobs/relay/view?isMypage=no&rec_idx=46305135,리걸테크스타트업 벽촌에서 파이썬 백앤드 개발자 님을 모십니다,서울강서구,"경력1년↑대졸↑정규직3,400 만원",백엔드/서버개발웹개발클라우드AWS
https://www.saramin.co.kr/zf_user/jobs/relay/view?isMypage=no&rec_idx=46250503,"머신러닝, 딥러닝, 파이썬 데이터 분석 개발자 모집(제주대학교)",제주제주시,경력무관학력무관계약직,딥러닝머신러닝알고리즘AI(인공지능)
https://www.saramin.co.kr/zf_user/jobs/relay/view?isMypage=no&rec_idx=46324046,LIG시스템 각 부문별 신입/경력 채용,서울종로구,신입·경력대졸↑정규직,데이터분석가데이터엔지니어백엔드/서버개발앱개발
https://www.saramin.co.kr/zf_user/jobs/relay/view?isMypage=no&rec_idx=46238705,(경력) 파이썬 개발자 모집,서울구로구,경력3년↑고졸↑프리랜서,웹개발SE(시스템엔지니어)크롤링Java
https://www.saramin.co.kr/zf_user/jobs/relay/view?isMypage=no&rec_idx=46301141,[서울대병원 1호 스타트업] 2023 하반기 대규모 인재채용,서울종로구,신입·경력학력무관정규직·전문연구요원,데이터분석가데이터엔지니어백엔드/서버개발프론트엔드
https://www.saramin.co.kr/zf_user/jobs/relay/view?isMypage=no&rec_idx=46282601,[알스퀘어] 파이썬 백엔드 개발자,서울강남구,경력 8~15년학력무관정규직,백엔드/서버개발웹개발SE(시스템엔지니어)빅데이터
https://www.saramin.co.kr/zf_user/jobs/relay/view?isMypage=no&rec_idx=46163225,자바/빅데이터/파이썬 교강사 모집,서울영등포구,경력1년↑학력무관기간제·계약직,빅데이터JavaSpring대학강사
https://www.saramin.co.kr/zf_user/jobs/relay/view?isMypage=no&rec_idx=46314178,(주)수산이앤에스 연구개발분야 신입/경력사원 채용,서울강남구,신입·경력대졸↑정규직,백엔드/서버개발웹개발웹마스터DBA
https://www.saramin.co.kr/zf_user/jobs/relay/view?isMypage=no&rec_idx=45179740,파이썬 백엔드 엔지니어,서울전체,경력 3~10년학력무관정규직,백엔드/서버개발웹개발DBASE(시스템엔지니어)
https://www.saramin.co.kr/zf_user/jobs/relay/view?isMypage=no&rec_idx=46024685,[사세확장] 각 부서별 정규직 채용,경기김포시,경력무관학력무관정규직,기술지원데이터분석가데이터엔지니어백엔드/서버개발
https://www.saramin.co.kr/zf_user/jobs/relay/view?isMypage=no&rec_idx=46284615,파이썬 백엔드 신입/경력 개발자 Recruiting,서울강남구,신입·경력초대졸↑정규직,백엔드/서버개발웹개발클라우드API
https://www.saramin.co.kr/zf_user/jobs/relay/view?isMypage=no&rec_idx=46270094,C# /C++/파이선 프로그램 사용가능자 모집,경기부천시,경력무관학력무관정규직,C#C++기계메카트로닉스
https://www.saramin.co.kr/zf_user/jobs/relay/view?isMypage=no&rec_idx=46234867,SW프로그래머(파이썬),대구달성군,경력무관대졸↑정규직,MySQLPHPSQL기계설비
https://www.saramin.co.kr/zf_user/jobs/relay/view?isMypage=no&rec_idx=45750005,딥노이드 신입 ·경력 채용공고,서울구로구,신입·경력학력무관정규직,데이터분석가데이터엔지니어백엔드/서버개발보안컨설팅
https://www.saramin.co.kr/zf_user/jobs/relay/view?isMypage=no&rec_idx=46058221,2023년 하반기 kt MOS북부 신입/경력 채용,서울강북구,신입·경력학력무관정규직,유지보수네트워크정보통신C#
https://www.saramin.co.kr/zf_user/jobs/relay/view?isMypage=no&rec_idx=46300880,[알스퀘어] 파이썬 백엔드 서버 개발자 경력직 채용,서울강남구,경력8년↑학력무관정규직,백엔드/서버개발인프라APIRDBMS
https://www.saramin.co.kr/zf_user/jobs/relay/view?isMypage=no&rec_idx=46252290,"[데이타메이션] 파이썬, 자바 개발자 경력사원",서울구로구,경력무관대졸↑정규직,IT컨설팅JavaSI·시스템통합솔루션업체
https://www.saramin.co.kr/zf_user/jobs/relay/view?isMypage=no&rec_idx=46329935,하나증권 각 부문 전문직(경력) 인재 채용,서울영등포구,경력학력무관계약직,기술지원데이터분석가데이터엔지니어백엔드/서버개발
https://www.saramin.co.kr/zf_user/jobs/relay/view?isMypage=no&rec_idx=46319806,[고영테크놀러지] 각 부문 경력 사원 모집,경기용인시 수지구,경력대졸↑정규직,기술지원웹개발정보보안알고리즘
https://www.saramin.co.kr/zf_user/jobs/relay/view?isMypage=no&rec_idx=45737108,㈜위즈코리아/㈜위즈COK '23년 하반기 신입/경력 사원 모집,서울강서구,신입·경력학력무관정규직·병역특례,백엔드/서버개발웹개발정보보안퍼블리셔
